stamina,distance_goal,nearby_defenders,passing_accuracy,match_minute,pass_success,goal_probability,fatigue_risk
97,35,4,55,65,0,0.18694261396804646,0.7524242424242424
76,55,4,53,78,0,0.02,0.98
80,34,3,81,14,1,0.3441171587921863,0.49406060606060603
94,9,3,58,59,0,0.867840681726683,0.6449696969696971
73,51,5,86,24,0,0.02751830053344251,0.7538181818181818
86,45,0,77,62,1,0.36331611060163677,0.6996969696969697
90,21,3,99,45,1,0.7328244020320778,0.6029090909090908
49,23,1,96,25,1,0.765127558784368,0.7853939393939395
38,37,3,90,33,0,0.17051241971682193,0.98
54,44,2,70,22,0,0.1408800175935758,0.7946666666666665
53,39,2,83,62,1,0.21585281082251462,0.98
92,50,1,56,21,1,0.1725016944862121,0.37909090909090903
95,4,3,95,79,1,0.9412545549829582,0.7764848484848486
35,55,0,77,83,1,0.07516010948212662,0.98
67,27,4,78,19,0,0.35365764135095923,0.687939393939394
89,15,2,97,73,1,0.8807970779778825,0.773030303030303
43,12,5,70,44,0,0.5047498571093251,0.98
87,25,2,92,81,1,0.6863263221754041,0.8736363636363637
42,17,0,85,50,1,0.8802711097107354,0.98
65,52,1,94,75,1,0.12015110748679492,0.98
88,28,2,52,82,0,0.5059997120165877,0.8772121212121212
55,53,2,67,73,0,0.046530474514731496,0.98
57,38,1,78,37,1,0.3554884462937055,0.8263030303030303
53,21,1,59,40,1,0.7298772728694914,0.855030303030303
82,23,4,65,28,0,0.4707833213246821,0.5981212121212123
51,52,2,92,69,1,0.06422394945554313,0.98
100,37,0,93,7,1,0.7160597938157096,0.12703030303030302
64,23,3,88,15,1,0.5982070439193994,0.6396363636363637
66,42,4,57,15,0,0.0770585695953846,0.6976363636363636
68,21,2,91,60,1,0.7332158052408109,0.8965454545454544
73,12,4,49,41,0,0.6748052725823133,0.7646060606060606
71,42,1,66,4,1,0.30470333065243466,0.4443030303030303
68,5,0,50,37,1,0.96,0.6103030303030302
100,26,4,60,87,0,0.38508972589284163,0.8710909090909091
88,23,4,87,31,1,0.5505764354778004,0.5608484848484849
87,25,3,58,80,0,0.48325626308434966,0.9060606060606061
81,12,2,71,33,1,0.8893383095132276,0.5439999999999999
76,22,2,92,15,1,0.7706526346832834,0.47763636363636364
57,7,1,59,5,1,0.9390033441466983,0.5218787878787879
100,24,4,95,70,1,0.5510712693073418,0.7383030303030303
65,41,2,76,44,1,0.20833350927014557,0.8453333333333333
49,8,4,65,75,0,0.7005671424739729,0.98
90,9,2,79,61,1,0.9258759348093368,0.660121212121212
45,4,5,93,4,0,0.7928186483122004,0.7883030303030303
91,46,5,62,53,0,0.04208772791561888,0.7835151515151514
75,42,4,65,51,0,0.08286818461918519,0.8803636363636363
42,3,1,49,14,0,0.942837723317369,0.7320606060606062
37,32,4,69,38,0,0.14455026929774198,0.98
64,26,4,63,35,0,0.3171284235112279,0.8371515151515152
37,37,4,76,56,0,0.08923594002923213,0.98
44,21,5,79,60,0,0.28475418123009794,0.98
68,45,0,57,80,1,0.24545523845987283,0.98
99,28,3,63,6,1,0.5334499626784277,0.23145454545454547
65,13,4,59,66,0,0.6248064744684293,0.98
88,28,2,49,21,0,0.5584811124381613,0.41509090909090907
95,13,1,59,20,1,0.9298247211092094,0.2675151515151516
89,28,3,82,32,1,0.5222353247699734,0.5284242424242425
76,16,1,59,50,1,0.8640096487795645,0.6907878787878788
64,24,3,67,2,0,0.5272230522453413,0.5431515151515152
68,17,0,73,51,1,0.9045642422451888,0.7403636363636363
52,29,2,45,74,0,0.3382729602435536,0.98
67,42,2,50,2,0,0.17755517392507533,0.5091515151515151
60,38,4,47,79,0,0.07592831347847642,0.98
51,21,0,87,12,1,0.8657624997277926,0.622909090909091
100,28,2,61,75,1,0.5820026723341722,0.7041818181818182
35,18,3,54,33,0,0.5167437369156501,0.98
41,18,2,54,33,0,0.6540749920297991,0.9560000000000001
47,35,4,69,17,0,0.13307956726840406,0.8887878787878789
98,44,5,50,51,0,0.050979829421084935,0.6943636363636364
80,11,4,80,22,0,0.7960845578489659,0.5486666666666666
93,15,2,83,18,1,0.8934046762868402,0.3163636363636363
48,6,0,52,61,1,0.9472500360993366,0.98
82,55,0,99,66,1,0.18317244051905116,0.79
59,39,3,67,87,0,0.12390059170470767,0.98
67,9,0,90,49,1,0.96,0.7192121212121212
35,42,5,75,42,0,0.03429032503808771,0.98
75,17,3,92,63,1,0.7455466141264028,0.8812727272727273
89,17,0,75,59,1,0.9278417790281236,0.5909696969696969
78,27,4,62,83,0,0.295254302001909,0.98
45,35,1,94,69,1,0.40203333504400107,0.98
70,37,5,94,81,0,0.09885607317816933,0.98
52,2,1,88,61,1,0.96,0.98
98,41,3,81,84,1,0.1938789378238599,0.8583636363636363
93,23,2,51,60,0,0.6739268871011302,0.6505454545454544
47,51,2,87,49,0,0.06888143039767265,0.98
68,32,1,90,1,1,0.6238683139895791,0.4315757575757575
97,52,0,80,26,1,0.2711096416175823,0.33096969696969697
90,14,3,75,79,1,0.798830347847466,0.8464848484848485
81,37,5,81,60,0,0.10870864984363374,0.9185454545454544
77,20,2,82,15,1,0.7919961596295934,0.4636363636363636
37,48,1,51,5,0,0.1030302041192366,0.8038787878787879
83,34,3,53,17,0,0.28495789429901025,0.4867878787878788
66,42,5,60,18,0,0.050115978744296644,0.7603636363636362
41,33,3,70,46,0,0.20278145952245205,0.98
51,42,5,66,24,0,0.042087727915618836,0.9558181818181818
70,9,4,83,53,0,0.7926543429750252,0.8795151515151516
82,13,4,78,66,0,0.7259160642839977,0.8660000000000001
68,39,1,88,69,1,0.3640103472970111,0.9607272727272727
75,11,3,56,70,0,0.7876804439511954,0.9223030303030303
92,5,4,89,27,1,0.9072911950310806,0.4545454545454546
80,31,2,57,85,0,0.4054035377986769,0.98
58,54,4,56,86,0,0.02,0.98
77,18,2,95,8,1,0.8491564195186723,0.4066060606060606
74,12,4,90,57,1,0.7562078031272458,0.8758181818181819
42,40,2,50,38,0,0.13800018860561802,0.98
38,14,0,76,76,1,0.8871545477278288,0.98
78,43,0,97,61,1,0.4410257854815463,0.7681212121212121
60,12,5,81,43,0,0.5984473756736249,0.9497575757575758
74,11,3,75,32,1,0.839834877579024,0.6444242424242425
56,55,3,91,7,0,0.04004048670803013,0.723030303030303
49,33,4,77,32,0,0.1685414127401554,0.9784242424242424
44,16,1,67,2,1,0.8387558517611218,0.6471515151515153
60,25,2,95,87,1,0.5955603022501244,0.98
88,34,2,95,58,1,0.48325626308434977,0.7073939393939392
61,3,3,95,49,1,0.9237201257957379,0.8872121212121212
60,55,3,93,39,0,0.038309307174638485,0.9254545454545455
72,27,1,59,59,1,0.6325100178154341,0.8209696969696971
99,53,3,89,40,1,0.07827634537010723,0.5390303030303031
60,44,2,62,83,0,0.11405238127979088,0.98
73,3,1,65,30,1,0.96,0.5432727272727274
64,45,1,76,40,1,0.21517653886778038,0.7930303030303031
74,29,1,74,17,1,0.6650765169077933,0.48678787878787877
64,49,3,93,65,0,0.06868926873834089,0.98
77,34,2,54,43,0,0.34909945611971155,0.7037575757575756
71,16,2,77,26,1,0.8303345309905271,0.598969696969697
79,39,4,86,23,0,0.15829089842302985,0.6222424242424242
98,16,4,69,77,0,0.67721448998991,0.7953333333333334
44,19,2,94,81,1,0.6942363401080306,0.98
72,33,3,86,19,1,0.34978145142617295,0.609939393939394
64,19,0,53,17,1,0.8681843818868049,0.5267878787878788
58,52,2,53,53,0,0.05025898474764612,0.98
50,1,2,85,88,1,0.9406433559129851,0.98
38,22,1,65,54,0,0.66127920632295,0.98
61,2,1,83,78,1,0.96,0.98
89,40,4,86,69,0,0.14003491562777268,0.8727272727272727
41,31,0,47,35,0,0.5204885208851617,0.9171515151515153
61,9,5,83,26,0,0.6972000438938956,0.8049696969696969
98,5,5,95,70,1,0.8563131672411708,0.7603030303030303
97,41,3,90,52,1,0.229170666004237,0.6259393939393939
49,12,1,71,53,1,0.8812164130341268,0.9755151515151516
35,47,1,71,5,0,0.13423750027220735,0.8218787878787879
79,19,3,59,42,0,0.653848696285311,0.6861818181818181
35,31,4,72,70,0,0.1427053084191849,0.98
54,4,2,46,74,0,0.8928319295134719,0.98
67,28,2,55,49,0,0.468541608443683,0.8372121212121212
92,2,0,88,75,1,0.96,0.6521818181818182
41,13,5,62,73,0,0.41945769517934045,0.98
78,51,5,63,19,0,0.02359137483458281,0.6659393939393939
70,54,1,83,65,1,0.09823423698819157,0.9404242424242425
43,24,5,73,82,0,0.1946615835915779,0.98
90,50,5,69,44,0,0.03026590716094405,0.7333333333333333
90,12,1,55,3,1,0.9335782363145008,0.18672727272727271
66,33,0,63,89,1,0.5490913371221596,0.98
97,39,2,78,1,1,0.39150271508424367,0.19557575757575762
75,49,4,78,8,0,0.05421795599742088,0.5686060606060606
94,1,2,66,44,1,0.96,0.4753333333333334
98,33,4,82,30,1,0.3104535007340317,0.4732727272727273
72,14,1,89,28,1,0.9188631526711621,0.5601212121212122
53,22,5,50,85,0,0.21165136599190096,0.98
44,53,3,81,39,0,0.033085978388704126,0.98
72,36,1,84,7,1,0.5089990281259547,0.44503030303030305
47,50,4,84,44,0,0.030265907160944037,0.98
84,11,2,60,25,1,0.8956687768809987,0.45139393939393946
96,35,4,58,43,0,0.20359096653442477,0.5957575757575757
51,51,4,69,76,0,0.02166826631696053,0.98
71,6,4,48,82,0,0.7658456258197971,0.98
38,49,0,61,65,0,0.12909323862633207,0.98
46,18,0,93,83,1,0.8700046640379002,0.98
59,24,4,90,21,0,0.4331526100285035,0.7770909090909092
93,2,1,96,32,1,0.96,0.35642424242424237
98,47,0,46,72,1,0.27249512024599126,0.6594545454545454
77,13,3,80,26,1,0.8264967996437399,0.5729696969696969
73,55,5,48,52,0,0.02,0.973939393939394
72,2,4,95,59,1,0.9045642422451888,0.8909696969696971
39,7,1,73,29,1,0.9256697825135953,0.8836969696969698
59,7,2,83,18,1,0.9238609289365459,0.6403636363636364
99,38,4,57,1,0,0.18362172811482302,0.25357575757575757
62,35,2,78,37,1,0.3384968407970474,0.8103030303030303
49,12,3,91,37,1,0.7905096189012211,0.9343030303030303
50,6,5,68,65,0,0.6632921720482895,0.98
82,15,0,88,66,1,0.9418050654200675,0.7100000000000001
37,9,0,64,1,1,0.9407549244177343,0.6555757575757576
98,40,5,57,44,0,0.08478813262276683,0.6333333333333333
92,50,1,71,70,1,0.16812142506591443,0.7503030303030302
72,24,4,82,88,0,0.39412633156823945,0.98
65,19,1,57,67,1,0.7797139169206129,0.9355757575757576
85,29,5,73,27,0,0.24601128355105178,0.6125454545454547
71,19,5,68,35,0,0.421407044320478,0.7931515151515152
66,10,5,92,34,0,0.7039127001012064,0.8175757575757576
56,5,1,72,23,1,0.9530238543217163,0.6642424242424243
64,36,3,45,1,0,0.1901555146972613,0.5595757575757575
84,44,0,46,49,1,0.3164791062636844,0.6192121212121212
38,29,1,72,25,1,0.5229837910524482,0.9073939393939394
36,38,2,66,27,0,0.18512552114843722,0.98
82,7,0,48,34,1,0.96,0.45157575757575763
59,31,3,60,74,0,0.24955257142041495,0.98
88,37,1,63,66,1,0.425313043093756,0.734
37,34,0,79,54,1,0.4920006825967687,0.98
94,2,3,56,66,1,0.9309901853895975,0.684
43,6,5,89,28,0,0.7215172162514372,0.98
62,55,5,82,35,0,0.02,0.9551515151515152
98,15,1,78,73,1,0.9172836907233092,0.6430303030303031
42,13,4,84,57,0,0.616802889197109,0.98
78,33,4,81,55,0,0.2298780372560052,0.8626666666666667
83,41,4,50,19,0,0.09876702535660889,0.555939393939394
63,53,0,78,12,1,0.17150476997540084,0.5669090909090909
40,41,2,56,21,0,0.13728800079399858,0.921090909090909
69,45,5,59,38,0,0.03495881921212463,0.8878787878787878
63,51,3,88,25,0,0.06082505379215535,0.7813939393939393
92,36,1,65,45,1,0.49375032550048953,0.5329090909090908
80,34,0,88,25,1,0.6959318743437266,0.45739393939393935
57,29,4,91,86,0,0.25011482169768945,0.98
38,12,0,58,88,1,0.8845253348734172,0.98
73,1,5,97,29,1,0.8845253348734172,0.6916969696969697
53,7,3,69,68,0,0.8280685371933862,0.98
80,49,1,54,41,1,0.14931293453084385,0.6486060606060605
92,17,1,60,72,1,0.8701177187462997,0.6994545454545454
58,4,0,45,88,1,0.9557651802742219,0.98
94,8,2,54,75,1,0.9140406079482077,0.7241818181818183
69,8,3,97,39,1,0.8934046762868402,0.7414545454545455
70,21,1,53,45,1,0.7618774030363199,0.722909090909091
85,39,2,92,75,1,0.3179952884012546,0.8761818181818182
87,45,3,81,34,1,0.138238273172494,0.5975757575757575
95,45,2,78,9,1,0.23812259696368002,0.2881818181818182
100,53,1,93,35,1,0.19356654939476042,0.4111515151515151
44,44,4,89,36,0,0.059245075582265674,0.98
62,15,4,73,8,0,0.6527161745665239,0.6306060606060606
96,25,2,77,17,1,0.7328244020320778,0.2987878787878788
55,36,1,99,36,1,0.45760205922564895,0.8347272727272727
35,10,2,94,80,1,0.8427720692212612,0.98
73,38,2,63,37,1,0.26894142136999505,0.7063030303030302
84,2,2,58,50,1,0.9533807141895277,0.6227878787878788
84,13,0,47,28,1,0.9390605950724075,0.3981212121212122
88,47,2,69,20,1,0.16369341729719628,0.44551515151515153
77,18,0,79,16,1,0.9227277978633401,0.3872121212121212
44,54,2,81,9,0,0.05290006740510655,0.8161818181818181
90,47,4,99,7,1,0.10165221056643384,0.40703030303030296
62,14,0,56,38,1,0.9132516441426594,0.695878787878788
90,51,0,72,52,1,0.23577216894214365,0.5959393939393939
88,48,1,84,9,1,0.25884123090243527,0.3241818181818182
99,55,5,50,82,0,0.02,0.9412121212121213
35,23,1,59,44,0,0.6196351704071782,0.98
92,50,5,85,79,0,0.032264226843481736,0.9784848484848484
76,18,1,84,66,1,0.8629487074245404,0.8160000000000001
67,20,0,56,38,1,0.8543332672180799,0.657878787878788
87,28,4,89,28,1,0.41872733339077445,0.5581212121212122
97,20,0,93,25,1,0.9357159251144731,0.2593939393939394
68,1,0,68,16,1,0.96,0.44321212121212117
40,40,3,63,46,0,0.09700101386298669,0.98
82,25,1,99,33,1,0.8110734037191801,0.52
50,45,3,59,45,0,0.06470642275500134,0.98
49,11,3,79,15,0,0.8012300526320182,0.7656363636363637
47,13,4,64,62,0,0.5771293310029522,0.98
48,40,1,86,76,1,0.2654171593238336,0.98
95,39,1,79,51,1,0.45512110762641983,0.5543636363636364
58,28,1,46,9,0,0.569546223939229,0.5841818181818182
42,34,4,47,15,0,0.11174890826305645,0.9216363636363638
46,48,2,51,67,0,0.05969253171660497,0.98
61,49,5,99,29,0,0.03223301819697319,0.9076969696969698
57,50,3,84,31,0,0.05814015050421101,0.8848484848484849
55,55,4,62,87,0,0.02,0.98
97,18,4,96,66,1,0.6999374455926538,0.7260000000000001
92,44,4,61,40,0,0.08556735259496663,0.6310303030303029
72,16,5,79,70,0,0.5022499848126231,0.98
100,48,2,71,26,1,0.17321658792823377,0.37296969696969695
57,52,5,95,13,0,0.02248863165646165,0.8324848484848485
44,25,4,71,43,0,0.2888450404258164,0.98
52,28,2,48,69,0,0.375662489122496,0.98
40,7,4,66,26,0,0.7373034537835593,0.9709696969696969
97,6,2,94,86,1,0.9536908501514997,0.7735151515151515
49,11,3,66,28,0,0.7683468412913065,0.8641212121212122
64,3,2,93,52,1,0.9518918580611272,0.8399393939393939
48,22,2,46,17,0,0.5690558292470241,0.7727878787878788
99,55,1,79,59,1,0.1287563292418183,0.6069696969696969
45,39,3,53,17,0,0.1150667320455498,0.8767878787878788
69,32,5,68,30,0,0.1471664668822696,0.8012727272727274
97,41,2,74,6,1,0.32629290054547866,0.23745454545454547
69,3,0,83,16,1,0.96,0.4372121212121213
94,37,4,85,11,1,0.23343783268035515,0.37733333333333335
94,29,1,58,67,1,0.6479408020806503,0.6655757575757577
85,7,4,83,66,1,0.8499233493153665,0.8240000000000001
84,28,3,81,74,1,0.45884333184977183,0.8966060606060606
73,37,5,45,29,0,0.07613907106345409,0.7636969696969697
73,24,3,83,19,1,0.5871024895421696,0.581939393939394
89,51,0,96,18,1,0.3119539903672495,0.3483636363636363
63,53,1,74,11,1,0.10958374540629995,0.5993333333333333
97,20,1,55,8,1,0.8638921090281604,0.17060606060606065
92,53,5,59,32,0,0.021269129502058677,0.6284242424242424
59,14,5,87,13,0,0.5866175789173299,0.7364848484848485
62,7,2,45,57,0,0.8772885184311983,0.9058181818181817
82,36,5,54,53,0,0.09552212046077359,0.8535151515151514
95,9,3,55,33,1,0.8773961311950302,0.43800000000000006
41,18,1,58,11,0,0.777126708386884,0.7493333333333335
39,23,0,90,87,1,0.7679906703097765,0.98
51,38,5,51,20,0,0.05551429482591612,0.9175151515151515
63,46,5,56,72,0,0.024435006188741372,0.98
45,50,4,93,82,0,0.027922573784073014,0.98
69,35,0,49,83,1,0.47302621342508544,0.98
70,54,3,61,54,0,0.03308597838870412,0.9370909090909092
97,41,2,58,54,1,0.25105377988852623,0.6010909090909091
84,49,4,88,74,0,0.0532518785837407,0.9786060606060606
51,32,5,73,69,0,0.1064050079974321,0.98
86,7,3,53,61,0,0.872026879190324,0.7361212121212121
88,12,5,77,86,0,0.6463423586490405,0.98
79,23,1,94,22,1,0.8349329958620695,0.46266666666666656
79,45,5,93,4,0,0.06549764250029472,0.5303030303030303
55,23,5,96,51,0,0.32016796752355464,0.98
82,1,4,92,52,1,0.9244217595353922,0.735939393939394
43,24,5,92,77,0,0.23308013427540442,0.98
76,39,1,98,17,1,0.4700359482354282,0.48678787878787877
95,55,1,78,9,1,0.14393309001985374,0.26818181818181824
99,11,0,93,72,1,0.96,0.5774545454545454
54,18,4,62,85,0,0.4383158283381843,0.98
56,26,2,69,21,0,0.5485961085831345,0.731090909090909
75,27,1,63,23,1,0.6848173827393008,0.5182424242424243
61,54,0,52,67,0,0.09788046890081832,0.98
83,22,1,48,57,1,0.7585964618789349,0.6858181818181819
48,30,5,97,30,0,0.17755517392507542,0.98
46,14,0,82,56,1,0.9111695906739038,0.98
38,4,0,57,59,1,0.9535138707617977,0.98
65,22,1,63,8,1,0.774866989001958,0.49460606060606055
49,24,1,79,62,1,0.676120547834261,0.98
54,10,1,52,57,0,0.8883503142951735,0.9518181818181819
95,37,1,59,82,1,0.4245799423273733,0.7852121212121213
88,19,3,49,18,0,0.6807020472507072,0.4143636363636363
90,4,0,89,79,1,0.96,0.7064848484848485
74,30,5,66,64,0,0.1652048701906147,0.98
42,14,2,56,40,0,0.7476277474372675,0.98
84,41,2,55,2,0,0.24731201896796925,0.3371515151515152
74,2,0,68,63,1,0.96,0.7412727272727273
94,43,1,82,90,1,0.3190806452651897,0.8678181818181818
66,30,5,57,17,0,0.16097384251847413,0.7287878787878788
46,41,2,56,13,0,0.15238710668053848,0.8004848484848485
74,21,4,92,9,1,0.5880718031564981,0.5301818181818182
65,49,0,45,20,0,0.1824255238063564,0.5995151515151514
78,28,2,79,65,1,0.5594672002912713,0.8484242424242424
59,55,1,45,20,0,0.061226162819907996,0.7115151515151515
55,17,5,79,82,0,0.4003516774075941,0.98
43,48,2,59,79,0,0.0594125021287248,0.98
98,37,4,62,68,0,0.1665886135754595,0.7691515151515151
84,51,5,72,2,0,0.03029527083363989,0.47715151515151516
65,10,1,54,47,1,0.9089598246960595,0.7660606060606061
50,29,1,85,19,1,0.6080207249853606,0.741939393939394
76,50,5,92,57,0,0.030002872007419926,0.9718181818181818
62,14,5,68,60,0,0.4995000001666665,0.98
76,53,5,87,66,0,0.02,0.98
40,54,0,87,61,1,0.10650012841069423,0.98
47,28,3,85,52,0,0.3570938786387709,0.98
83,41,0,86,73,1,0.4722784572508355,0.805030303030303
39,26,2,99,33,1,0.5552731792975989,0.98
79,37,2,57,79,0,0.26230935596702626,0.9624848484848484
62,48,5,75,77,0,0.023362120712760597,0.98
35,41,4,97,8,0,0.08548913943480654,0.9526060606060607
85,16,5,54,34,0,0.5182418997957381,0.6395757575757577
81,32,5,64,54,0,0.15225798629880985,0.8630909090909091
88,45,2,78,82,1,0.173646647019005,0.9112121212121211
94,32,5,49,89,0,0.13859604654931623,0.98
83,16,0,60,72,1,0.913489018913925,0.7474545454545455
90,42,1,62,9,1,0.35342909090255187,0.29218181818181815
42,40,5,73,72,0,0.040894715705904104,0.98
95,35,0,75,6,1,0.7059926376190437,0.16545454545454552
95,19,3,70,76,1,0.7028695406534687,0.7837575757575759
80,31,5,89,66,0,0.1986107348854428,0.962
87,34,1,75,89,1,0.5134967204563116,0.9122424242424243
83,12,4,85,76,1,0.7569444774246671,0.9297575757575759
92,51,3,95,90,1,0.07691644876743611,0.98
93,33,4,76,60,0,0.25750060237033895,0.7505454545454544
69,3,1,89,46,1,0.96,0.7044848484848486
88,15,0,70,23,1,0.9452152081186204,0.3242424242424242
95,45,5,67,34,0,0.05604095594944848,0.5975757575757575
54,39,0,47,4,1,0.38248828845677607,0.5683030303030302
38,30,2,89,66,1,0.38343349547868066,0.98
46,28,0,49,45,0,0.6151470425092104,0.9369090909090909
36,21,1,92,88,1,0.7130001627522815,0.98
63,52,3,53,88,0,0.029770923767100447,0.98
36,20,0,87,57,1,0.8276410036283912,0.98
52,46,1,98,84,1,0.1797562183987465,0.98
51,4,2,75,3,1,0.9357159251144731,0.6007272727272727
81,30,1,87,41,1,0.6743662330024384,0.6006060606060606
51,15,5,94,4,0,0.5579878949957818,0.7503030303030302
97,24,1,91,13,1,0.8561900824678519,0.2164848484848485
47,35,1,72,42,1,0.3773056938803963,0.9581818181818182
99,4,4,95,72,1,0.9154443748987731,0.7234545454545455
72,6,2,50,71,0,0.9025601437001195,0.9098787878787878
51,32,2,50,65,0,0.2839402061842902,0.98
37,37,5,59,80,0,0.04368844933045042,0.98
55,4,1,99,89,1,0.9584332758486739,0.98
73,53,0,81,34,1,0.18542741929298218,0.6335757575757576
42,25,5,55,13,0,0.1873990274957666,0.9284848484848487
45,54,1,65,47,0,0.06191953554285326,0.98
42,8,1,45,85,0,0.8726949619246283,0.98
79,49,4,68,47,0,0.044574280433886476,0.824060606060606
40,36,3,78,88,0,0.14258301162200468,0.98
36,45,0,67,9,1,0.22987803725600514,0.7981818181818182
65,45,5,72,43,0,0.037147634440939575,0.9657575757575757
55,10,5,55,1,0,0.6049181019632078,0.6775757575757575
72,10,0,48,63,1,0.9402513142296515,0.7772727272727273
96,54,5,50,48,0,0.02,0.7116363636363637
91,24,1,82,24,1,0.8250581159784021,0.35981818181818176
70,12,0,47,46,1,0.9284420263874391,0.6724848484848486
77,35,4,55,58,0,0.1490590755013943,0.8993939393939394
88,48,3,81,78,1,0.08939861939475166,0.9269090909090909
63,16,2,88,90,1,0.7913364369922711,0.98
78,49,3,62,17,0,0.07269566894400699,0.5667878787878787
49,4,1,72,5,1,0.9563533113789011,0.5958787878787879
75,35,4,70,77,0,0.15669862797110296,0.98
50,21,2,86,51,1,0.6730472785718746,0.98
47,29,1,96,25,1,0.6203419784777653,0.8173939393939396
85,34,3,90,59,1,0.3427642250070576,0.7849696969696969
72,12,2,79,49,1,0.8779329778581267,0.7552121212121212
59,3,0,86,62,1,0.96,0.8856969696969698
37,29,1,89,64,1,0.5269737865749144,0.98
50,53,5,92,79,0,0.02,0.98
87,16,1,86,14,1,0.9209263231301599,0.30806060606060603
65,31,2,84,78,1,0.4297184400635913,0.98
98,7,1,97,86,1,0.96,0.7255151515151516
94,19,0,65,41,1,0.9145890089118163,0.40860606060606064
91,8,5,48,87,0,0.682438302193065,0.965090909090909
36,7,3,72,57,0,0.8012300526320181,0.98
38,45,5,66,88,0,0.02,0.98
73,50,4,47,49,0,0.02919863268418474,0.9012121212121212
57,51,2,97,1,1,0.1041444785212596,0.6195757575757576
90,41,2,98,16,1,0.3529721910540913,0.3832121212121212
55,8,4,70,58,0,0.7432634316683696,0.98
45,51,4,85,85,0,0.022753943462803974,0.98
42,1,2,97,61,1,0.9469996396458356,0.98
54,15,0,71,61,1,0.8999797862240029,0.9521212121212121
76,15,1,55,80,1,0.8575391977845119,0.9160606060606061
43,41,1,51,28,0,0.19845161834384634,0.9041212121212122
87,8,2,48,19,1,0.9181144864296713,0.36993939393939396
54,54,3,48,80,0,0.020592920822028245,0.98
55,11,5,94,12,0,0.6684094477398658,0.762909090909091
78,48,0,83,29,1,0.3072515825861696,0.5356969696969697
91,33,2,67,73,1,0.4304537760607711,0.789030303030303
63,14,1,97,23,1,0.9168273035060777,0.6122424242424243
87,24,3,72,24,1,0.6037225163017162,0.4798181818181818
55,7,4,65,80,0,0.7369158958334202,0.98
43,24,5,96,6,0,0.29671294099026824,0.8634545454545455
89,39,3,84,62,1,0.22811247987477706,0.7776969696969697
85,12,1,57,9,1,0.9286410826759831,0.2821818181818182
84,53,1,83,11,1,0.15696309780458595,0.3893333333333333
93,37,4,98,59,1,0.22218125651147377,0.7509696969696968
67,21,0,66,50,1,0.8482575978203337,0.7507878787878788
48,16,0,66,49,1,0.8797431375322491,0.9232121212121213
73,43,0,74,24,1,0.3972348461804313,0.5378181818181819
72,22,4,58,68,0,0.4027547541256736,0.98
60,52,5,96,14,0,0.023660578155461204,0.810060606060606
77,26,4,57,73,0,0.31216866941715965,0.98
52,39,1,89,51,1,0.32849496577459425,0.98
75,50,5,73,1,0,0.03000287200741995,0.5575757575757576
87,53,0,81,45,1,0.2118182691695613,0.5769090909090909
41,14,5,70,84,0,0.40347659425732135,0.98
64,24,3,82,45,1,0.525477914477493,0.868909090909091
78,40,4,93,80,0,0.12488084626214896,0.98
38,23,0,75,4,1,0.7939660923501267,0.6963030303030303
76,18,5,47,84,0,0.36377887198019104,0.98
95,35,2,85,23,1,0.489501543227775,0.3742424242424243
89,50,1,47,70,0,0.1292057085071662,0.7803030303030303
80,26,5,75,6,0,0.3188634163971166,0.4974545454545454
88,22,3,53,35,0,0.5994082284756331,0.5491515151515152
58,42,0,90,65,1,0.3728522336868045,0.98
56,28,1,78,23,1,0.6332070634815845,0.7102424242424243
40,18,2,80,86,0,0.6673003248270916,0.98
82,49,0,87,83,1,0.2621158988083652,0.9067878787878788
55,34,3,58,32,0,0.20668901283744173,0.8804242424242423
92,38,2,71,38,1,0.34728382543347597,0.5238787878787878
65,45,3,55,90,0,0.06476696860678553,0.98
93,6,4,78,44,1,0.880481737215655,0.5753333333333333
44,47,0,67,83,1,0.1672839555384832,0.98
45,8,4,80,63,0,0.7316480054113164,0.98
57,1,4,78,43,0,0.881947178317165,0.9177575757575759
36,55,0,46,62,0,0.05997379701355931,0.98
67,16,4,56,49,0,0.5609454503247162,0.8932121212121212
77,2,5,58,63,0,0.8054951369940119,0.9112727272727272
78,39,2,65,34,1,0.26874485487150984,0.6355757575757575
49,17,1,99,57,1,0.8514475744762745,0.98
45,23,3,70,56,0,0.4380696484811334,0.98
72,53,1,63,46,1,0.09788046890081828,0.7744848484848486
76,32,1,91,48,1,0.6104014487007485,0.7076363636363636
97,1,4,97,70,1,0.9377310339935125,0.7223030303030303
94,38,3,61,19,0,0.24693990957866246,0.399939393939394
60,9,5,72,36,0,0.6588109731957534,0.8907272727272728
45,18,4,52,56,0,0.40685066387137636,0.98
51,12,4,57,24,0,0.6355265132643104,0.8558181818181819
93,51,4,74,72,0,0.0427375365559002,0.8774545454545454
65,5,1,45,82,0,0.9316298975629682,0.98
100,30,0,84,46,1,0.8084546514385325,0.4084848484848485
78,26,2,56,77,0,0.5394180314535331,0.9353333333333333
74,31,5,73,4,0,0.1957613087797255,0.5523030303030303
41,33,5,62,65,0,0.07635036532188862,0.98
73,6,4,58,41,0,0.8159281306107906,0.7526060606060606
60,18,2,69,16,1,0.7604230019887309,0.6372121212121212
90,32,1,82,78,1,0.6082590307465143,0.794909090909091
43,6,4,69,5,0,0.7865074067869517,0.779878787878788
47,45,2,83,90,0,0.10414447852125969,0.98
78,45,4,75,84,0,0.06232738311447941,0.98
79,30,1,86,68,1,0.6408372739029397,0.8251515151515152
89,45,2,71,85,1,0.16328313789660295,0.9239393939393938
69,24,4,77,64,0,0.39317157411061576,0.98
59,31,5,46,25,0,0.11722243260588638,0.8613939393939394
55,26,0,54,78,1,0.6785246631166438,0.98
59,8,2,59,57,0,0.8771808244346042,0.9378181818181818
78,10,1,76,58,1,0.9366716679291714,0.7193939393939395
70,30,4,97,2,1,0.3518311181615791,0.5351515151515152
54,5,4,52,36,0,0.7804001886652766,0.9027272727272727
49,35,3,46,36,0,0.15538171823489447,0.9727272727272727
81,18,4,80,28,0,0.6417574137652458,0.5981212121212122
51,24,1,85,64,1,0.6950847687708052,0.98
48,50,0,93,90,1,0.16561902251170843,0.98
56,48,3,71,33,0,0.06116871051345836,0.9059999999999999
91,26,0,87,25,1,0.8655298940608818,0.33139393939393935
65,22,3,83,73,1,0.5587276779576763,0.98
74,45,3,46,34,0,0.08241331812791275,0.7275757575757575
40,29,3,63,83,0,0.23703578653599017,0.98
57,41,5,84,70,0,0.051612464894010064,0.98
84,7,0,65,13,1,0.96,0.27248484848484855
86,40,2,77,32,1,0.2992231267872398,0.5424242424242425
73,31,5,73,62,0,0.159761996943669,0.98
92,12,1,80,2,1,0.9503579289456943,0.1591515151515151
54,43,5,95,34,0,0.05161246489401004,0.98
45,30,0,92,13,1,0.6974111143958822,0.7084848484848485
40,41,0,63,16,1,0.3141044031952984,0.8032121212121212
48,46,1,69,77,0,0.1336574732722591,0.98
85,15,5,49,32,0,0.5339476914144966,0.6224242424242425
94,45,3,89,72,1,0.1431953701650836,0.8154545454545454
43,55,3,47,44,0,0.02,0.98
68,29,0,69,79,1,0.6841694963981299,0.9764848484848485
43,40,0,93,81,1,0.3644734867356895,0.98
90,43,5,96,67,0,0.0764209161918967,0.8935757575757576
43,24,4,62,69,0,0.2671755979679222,0.98
77,45,0,97,12,1,0.4314347009222951,0.4109090909090909
40,23,2,51,1,0,0.5416532393676043,0.7335757575757575
83,49,3,84,79,1,0.07748637721604851,0.98
94,43,4,77,6,0,0.12819647892799046,0.35145454545454546
83,30,0,89,4,1,0.8034502994725664,0.26030303030303037
52,10,4,91,90,0,0.7111549595741836,0.98
90,46,3,69,15,0,0.12444435930061405,0.4256363636363636
55,36,3,77,51,0,0.1927872523299877,0.98
84,32,2,85,4,1,0.5495864684250393,0.3343030303030303
89,40,0,53,55,1,0.44967101904112033,0.6066666666666666
67,55,5,78,24,0,0.02,0.8218181818181817
75,29,4,67,32,0,0.29400736238095626,0.7104242424242425
91,22,4,65,4,0,0.5557670142926276,0.32430303030303026
47,49,4,59,75,0,0.022843058268822082,0.98
36,36,2,70,89,0,0.18755135573301712,0.98
63,26,5,45,51,0,0.1788732541085033,0.98
46,11,0,78,19,1,0.9405874978712752,0.705939393939394
93,26,1,98,54,1,0.8048676802055384,0.5710909090909091
92,52,2,71,16,1,0.11076014449122895,0.3852121212121212
59,16,4,70,23,0,0.5945964622013229,0.7762424242424243
55,53,2,70,70,0,0.04856815435025609,0.98
81,51,5,52,70,0,0.02,0.98
64,47,1,74,14,1,0.19278725232998756,0.6000606060606061
41,18,2,93,20,1,0.753617548563928,0.8575151515151516
78,44,1,93,83,1,0.27707845620166827,0.9767878787878788
83,39,2,99,13,1,0.3850897258928415,0.4264848484848486
39,50,4,54,39,0,0.02,0.98
86,23,2,89,54,1,0.7432634316683697,0.6750909090909091
70,35,2,72,4,1,0.38130802939870695,0.48030303030303034
89,52,0,58,75,1,0.17551998379984382,0.7821818181818182
91,51,3,86,65,1,0.07592831347847635,0.8044242424242424
79,53,1,55,27,1,0.1064050079974321,0.5605454545454546
57,6,2,70,90,0,0.8952006205871756,0.98
59,2,1,73,28,1,0.96,0.6661212121212122
82,6,2,75,70,1,0.934318494867379,0.8023030303030303
39,55,0,77,14,1,0.10210971603803111,0.826060606060606
50,23,2,50,69,0,0.5084991812613128,0.98
69,34,4,93,55,0,0.21048573804526807,0.9546666666666668
97,23,3,55,74,0,0.5729751159216222,0.7566060606060606
84,5,2,98,70,1,0.9546961022298593,0.7803030303030303
88,51,5,97,59,0,0.033601680748469,0.8689696969696968
47,28,3,95,12,1,0.42116324035475167,0.796909090909091
53,17,3,61,42,0,0.6196351704071781,0.9421818181818181
52,3,1,63,49,1,0.9510608334247396,0.8972121212121212
84,7,4,87,85,1,0.843829223148893,0.977939393939394
70,31,2,77,49,1,0.4578502721432993,0.8132121212121213
48,43,1,99,83,1,0.2256567869264179,0.98
84,11,4,51,10,0,0.759693523629451,0.41775757575757577
77,30,3,77,31,1,0.41047550870181565,0.6448484848484848
94,21,2,73,48,1,0.77747291795864,0.5456363636363637
71,36,4,96,76,0,0.17321658792823394,0.98
43,17,3,48,25,0,0.5653736147259241,0.9133939393939395
93,49,4,68,40,0,0.055882466055763816,0.6310303030303029
47,34,2,51,18,0,0.26776338647505915,0.8143636363636364
38,10,5,86,78,0,0.550823864967254,0.98
87,46,3,51,89,0,0.07656219735181218,0.98
64,36,2,98,77,1,0.3340330732481798,0.98
77,52,5,61,9,0,0.021248322711013505,0.6021818181818182
43,51,5,69,63,0,0.02,0.98
82,19,1,62,31,1,0.8478710443129798,0.49284848484848487
61,39,1,63,49,1,0.29775737226938165,0.8792121212121212
100,32,3,83,56,1,0.4326616129830033,0.6082424242424243
76,24,0,65,54,1,0.8174252823738569,0.6970909090909092
96,1,4,49,37,0,0.9089598246960595,0.48230303030303034
87,45,4,53,50,0,0.06404388728961262,0.7587878787878788
90,21,0,51,2,1,0.8902209518637821,0.15715151515151513
40,4,1,99,53,1,0.9550837762398646,0.98
86,53,5,81,78,0,0.020613099346508238,0.98
74,23,1,96,81,1,0.7911712658051695,0.9596363636363637
61,7,2,82,22,1,0.9240716865215235,0.6506666666666666
55,25,4,83,10,0,0.38414297980296186,0.7357575757575758
77,48,1,84,38,1,0.20866356300772917,0.6538787878787878
48,42,2,93,29,1,0.18954029243075343,0.9036969696969697
47,36,4,84,82,0,0.11115472765462628,0.98
92,17,2,70,65,1,0.8263533529809949,0.6864242424242424
85,17,4,81,88,0,0.62808262338885,0.98
74,15,0,66,46,1,0.9242819085303241,0.6384848484848485
85,43,3,75,83,0,0.12988228125370016,0.98
56,45,2,52,64,0,0.09500499114659056,0.98
82,16,5,85,37,0,0.5883140251608732,0.6923030303030304
48,17,2,46,3,0,0.7076504330941509,0.6567272727272727
64,50,0,49,67,0,0.14566673278191994,0.9675757575757575
44,54,5,58,8,0,0.02,0.9286060606060605
59,5,3,56,77,0,0.8459261461253006,0.98
57,15,0,86,27,1,0.927101838604175,0.6645454545454547
62,7,4,85,18,0,0.8324372589741201,0.6903636363636364
66,20,3,57,57,0,0.5619303515188666,0.9318181818181818
37,42,5,55,88,0,0.023846090141015037,0.98
57,33,4,64,64,0,0.14842598536895313,0.98
90,25,3,74,10,1,0.6068284258893841,0.3457575757575757
63,12,1,84,28,1,0.9210718426366641,0.6461212121212122
70,9,3,59,60,0,0.8218599551638053,0.8925454545454546
41,42,1,83,17,1,0.24232036099629517,0.8427878787878789
60,29,2,68,22,0,0.4775151752081998,0.7046666666666667
99,2,2,49,45,1,0.9594568303925191,0.4349090909090909
71,17,3,90,20,1,0.7622400534271091,0.5955151515151516
36,38,1,62,48,0,0.244161100905203,0.98
82,31,3,81,13,1,0.43020862980746016,0.46048484848484855
85,41,1,60,27,1,0.34006602549452297,0.4765454545454546
60,41,5,69,85,0,0.043480026449875996,0.98
37,7,5,80,69,0,0.6198708296204114,0.98
89,48,4,60,12,0,0.05991744487398797,0.45690909090909093
51,33,1,49,29,0,0.39603826689077565,0.8156969696969698
95,4,4,89,83,1,0.9013219510357726,0.8467878787878789
58,53,5,49,89,0,0.02,0.98
60,33,5,81,15,0,0.14197283784347695,0.7796363636363637
87,14,5,77,83,0,0.5938731029341425,0.98
44,55,0,69,30,1,0.09526324185205431,0.8972727272727273
36,2,0,54,13,1,0.96,0.7424848484848485
85,26,4,92,20,1,0.48175810020426185,0.5135151515151516
96,3,1,66,48,1,0.96,0.44963636363636367
100,43,2,83,89,1,0.24360788654823992,0.8402424242424241
43,43,2,91,87,1,0.13101659885419592,0.98
44,6,4,98,9,0,0.8350707695939024,0.8001818181818182
57,17,4,88,34,0,0.5979666649559989,0.8815757575757577
82,49,1,81,78,1,0.1735032003562602,0.908909090909091
95,15,4,98,86,1,0.748193368318875,0.8915151515151516
89,33,2,94,28,1,0.5416532393676042,0.46812121212121216
59,30,3,46,23,0,0.28069839150773696,0.7642424242424242
95,49,4,75,86,0,0.051956182650330765,0.9595151515151515
51,41,1,62,35,0,0.23451321706067385,0.8771515151515151
43,44,0,84,68,1,0.26057155680492045,0.98
63,5,3,51,31,0,0.8689834011458041,0.7348484848484849
41,48,1,91,24,1,0.14931293453084368,0.907818181818182
79,25,1,98,81,1,0.7701219627439948,0.9136363636363637
100,4,2,49,46,1,0.9504992710835376,0.43648484848484853
42,6,5,86,48,0,0.695084768770805,0.98
42,40,5,71,15,0,0.049783795635886495,0.9736363636363637
46,49,4,99,24,0,0.04200716901813834,0.9798181818181819
46,11,1,78,37,1,0.9011439268218306,0.8823030303030304
70,17,5,97,46,0,0.5406600151772822,0.8824848484848486
72,15,4,48,3,0,0.6285496932692608,0.4927272727272728
97,50,0,78,28,1,0.31023946919618034,0.34212121212121216
64,18,1,88,62,1,0.8481288363433407,0.9056969696969698
96,36,0,48,52,1,0.574442516811659,0.5059393939393939
84,33,1,84,54,1,0.588556204385829,0.6750909090909092
91,23,4,91,80,1,0.5239815849711044,0.9020606060606061
47,35,3,96,25,1,0.24434569457377103,0.9093939393939394
64,12,0,74,5,1,0.9495018127588318,0.4218787878787879
95,52,3,65,2,0,0.07391843899417791,0.28915151515151516
84,51,3,91,81,1,0.06830643429188261,0.98
49,1,5,70,85,0,0.7604230019887311,0.98
90,27,1,62,48,1,0.7088901725661199,0.5576363636363637
85,11,5,95,12,1,0.7616959353033647,0.46290909090909094
44,25,3,87,7,0,0.47477144273070265,0.7830303030303031
39,20,1,67,30,1,0.7353619920985233,0.9172727272727274
52,49,1,47,10,0,0.10783969612210251,0.6937575757575758
66,45,4,90,3,0,0.0830203135813301,0.6127272727272727
45,16,4,57,25,0,0.5054997781774029,0.9313939393939396
37,31,3,68,35,0,0.2337959126840666,0.98
42,22,2,47,75,0,0.49175074860597684,0.98
55,29,2,63,37,0,0.43045377606077095,0.8683030303030302
60,50,3,94,65,0,0.059189365045000324,0.98
55,42,4,60,49,0,0.06003019876779425,0.98
64,3,1,48,76,1,0.946546096204046,0.98
82,37,5,56,30,0,0.09586827061942266,0.6812727272727274
51,43,1,54,88,0,0.15407385387469927,0.98
65,16,2,68,23,1,0.803923621975259,0.6362424242424242
83,41,1,53,11,1,0.33048329563973805,0.37533333333333335
38,5,5,53,71,0,0.6032439339024783,0.98
97,6,1,59,50,1,0.96,0.4607878787878788
100,26,0,90,26,1,0.8834999980696934,0.24896969696969695
54,23,4,60,15,0,0.3681875822638983,0.7796363636363637
93,49,0,98,30,1,0.3688857342751898,0.3952727272727272
51,46,5,86,58,0,0.029857699963686066,0.98
95,33,4,50,45,0,0.2218358150752995,0.6169090909090909
78,30,5,65,11,0,0.20440287655466802,0.5633333333333332
51,3,1,48,25,0,0.9469996396458356,0.7253939393939395
39,11,4,54,47,0,0.5892824842873394,0.98
61,25,3,45,66,0,0.36725757190544506,0.98
84,24,2,64,52,1,0.658361272361214,0.681939393939394
49,22,2,96,8,1,0.7066149536744701,0.6946060606060606
68,28,0,98,13,1,0.8124486442669828,0.47448484848484845
43,33,0,49,30,0,0.48350598689212343,0.8632727272727274
63,22,0,62,64,1,0.8101522872485222,0.8988484848484849
37,33,4,82,38,0,0.1486789545839074,0.98
100,6,1,86,11,1,0.96,0.13533333333333333
68,53,4,61,24,0,0.02520954100199087,0.7678181818181817
90,29,4,71,53,0,0.3338106552015295,0.7195151515151516
43,19,0,55,76,1,0.7951088237697858,0.98
46,25,1,74,22,1,0.6650765169077933,0.7966666666666667
46,23,1,58,32,0,0.6659669267518202,0.8684242424242425
72,16,0,54,21,1,0.9113313367452667,0.4710909090909091
91,34,4,82,38,0,0.2601863933303121,0.6058787878787879
75,49,2,53,42,0,0.09029814470291989,0.7461818181818181
66,49,5,45,43,0,0.02,0.9637575757575757
97,10,5,70,14,0,0.7629642134640098,0.35606060606060613
47,39,5,92,75,0,0.05880076383982133,0.98
45,42,4,65,51,0,0.054474920058124786,0.98
79,26,3,76,20,1,0.5351917154353011,0.5335151515151515
91,38,2,55,38,0,0.30533928040490343,0.5338787878787878
52,45,2,57,75,0,0.09087480689356646,0.98
52,6,3,54,66,0,0.819061206847858,0.98
69,27,2,56,86,0,0.46928870949995205,0.98
86,2,5,78,51,0,0.8610454034281185,0.7303636363636363
53,53,1,81,24,1,0.09796880429755393,0.7978181818181819
89,30,2,62,13,1,0.5510712693073418,0.34848484848484845
69,16,2,79,16,1,0.8347951298093854,0.5432121212121213
81,4,1,66,49,1,0.96,0.6092121212121212
76,8,1,62,71,1,0.9357159251144731,0.8338787878787879
66,16,3,53,61,0,0.6522626806659299,0.954121212121212
70,46,0,63,29,1,0.2823164761024977,0.6116969696969697
100,55,4,62,26,0,0.032546422092570595,0.4669696969696969
61,17,2,70,21,1,0.7809138833623251,0.6630909090909091
97,19,4,91,26,1,0.6988862718483821,0.42496969696969694
87,47,0,95,8,1,0.41289751045783035,0.28460606060606064
47,6,4,58,16,0,0.7683468412913065,0.8232121212121213
92,34,2,74,56,1,0.44275214540144436,0.6522424242424241
60,33,5,51,21,0,0.10405121704098856,0.8250909090909091
46,28,4,91,85,0,0.24067178453267704,0.98
51,46,4,63,12,0,0.0443618275891564,0.8329090909090909
43,5,3,80,80,0,0.8474836831387063,0.98
57,16,0,94,76,1,0.9109264722644368,0.98
42,44,5,75,53,0,0.029397710461648217,0.98
70,17,2,95,25,1,0.840908052285718,0.6033939393939395
99,4,5,71,40,0,0.8539595264047474,0.5210303030303031
98,26,3,97,57,1,0.6245720218828357,0.6238181818181818
97,54,3,82,88,1,0.05340332979982423,0.9246666666666666
51,44,1,79,26,1,0.21585281082251465,0.814969696969697
50,49,5,72,60,0,0.02,0.98
79,16,4,98,76,1,0.6854645510351851,0.9777575757575758
99,17,2,84,87,1,0.8495402865260091,0.7830909090909091
89,9,2,76,32,1,0.9304097105563127,0.45042424242424245
48,8,4,55,62,0,0.685033185372277,0.98
83,16,0,90,47,1,0.9419692725068514,0.5580606060606061
68,49,1,62,63,0,0.12786156631908135,0.9352727272727273
64,38,0,50,31,1,0.4270248840783781,0.6708484848484848
67,27,3,93,64,1,0.4655546474317897,0.98
71,26,2,82,80,1,0.5810292520929009,0.98
95,7,5,66,12,0,0.8073683201908555,0.35490909090909095
87,27,5,74,80,0,0.25521295834379143,0.98
37,28,3,91,23,0,0.3644734867356894,0.98
85,43,4,60,3,0,0.09735194636553784,0.4187272727272727
55,14,3,96,6,1,0.7985087549047912,0.6434545454545455
57,48,2,51,46,0,0.07529924979530683,0.9544848484848485
74,23,4,76,84,0,0.4158094770645927,0.98
99,4,2,84,16,1,0.96,0.21921212121212125
39,36,1,50,90,0,0.23775994657289076,0.98
68,34,0,60,8,1,0.6006082195512744,0.44860606060606056
50,51,4,86,55,0,0.027814206944088326,0.98
95,31,4,78,55,0,0.3171284235112278,0.6886666666666668
65,45,0,81,15,1,0.34434289450151556,0.5536363636363636
91,14,5,81,78,0,0.6233988845696153,0.9089090909090909
93,9,1,60,12,1,0.9542179494944004,0.21890909090909086
41,36,5,46,14,0,0.05759496526804219,0.9680606060606062
85,27,1,92,41,1,0.763686851678283,0.5546060606060607
87,44,0,51,33,1,0.3529721910540914,0.46799999999999997
89,28,1,71,36,1,0.7134092502058658,0.47872727272727267
100,44,5,93,34,0,0.08682761168194916,0.5455757575757576
85,55,5,48,18,0,0.02,0.5963636363636364
90,54,3,84,55,1,0.055935249109288016,0.7446666666666666
81,5,0,48,9,1,0.96,0.26818181818181813
54,54,3,51,52,0,0.02372997954485369,0.98
91,29,1,57,59,1,0.64244683456358,0.634969696969697
81,21,4,64,38,0,0.5092489448736132,0.6798787878787879
79,51,3,78,72,0,0.05759496526804217,0.9774545454545454
99,10,5,64,57,0,0.7233219771050532,0.6618181818181819
83,22,4,89,6,1,0.5890404340586652,0.41945454545454547
57,46,1,49,36,0,0.14307272348008088,0.8347272727272728
54,15,4,50,28,0,0.5443828762475714,0.8621212121212122
56,52,1,57,29,0,0.0871452905931214,0.8036969696969697
46,31,2,46,28,0,0.31302819161692996,0.8941212121212121
40,29,1,59,71,0,0.4489287306926581,0.98
84,18,1,79,49,1,0.8779329778581267,0.6072121212121213
86,7,2,82,20,1,0.9469494258823293,0.38551515151515153
45,51,5,67,55,0,0.02,0.98
61,1,2,62,37,1,0.9467985150148254,0.7523030303030303
95,5,0,69,37,1,0.96,0.34030303030303033
90,5,4,75,11,1,0.8966922205784363,0.3533333333333333
74,12,0,90,78,1,0.9511073565606484,0.874909090909091
99,41,3,53,80,0,0.1542042340671787,0.818060606060606
56,5,1,95,36,1,0.96,0.7627272727272727
90,9,5,66,28,0,0.7453568606886101,0.5301212121212122
96,40,2,98,28,1,0.38841015217938024,0.4121212121212122
74,2,2,61,45,1,0.9488748322491541,0.6849090909090908
45,17,5,87,70,0,0.39699543148071065,0.98
54,46,2,70,79,0,0.09483317228981479,0.98
68,50,4,45,76,0,0.02391602234642299,0.98
53,28,2,46,59,0,0.3834334954786807,0.98
41,50,3,53,79,0,0.02770624868611067,0.98
46,49,2,77,6,0,0.08810464382997882,0.7634545454545454
98,52,3,77,16,1,0.08264046660946278,0.3652121212121212
60,14,2,54,29,0,0.7986695994011423,0.7276969696969697
72,15,4,97,18,1,0.7320405018416318,0.6063636363636364
63,37,2,63,65,0,0.24012396450912168,0.98
88,1,3,49,42,0,0.9334541088919899,0.5601818181818181
41,15,4,75,20,0,0.5719961329315189,0.9315151515151516
53,22,2,73,88,0,0.5904920849765638,0.98
73,49,1,51,24,0,0.14063812573413417,0.5898181818181818
87,53,0,66,56,1,0.17902017889080984,0.6602424242424242
65,19,3,79,54,0,0.6451986045631823,0.9170909090909091
81,43,1,67,57,1,0.2717028761411631,0.7478181818181818
87,30,2,65,77,1,0.48800230346928214,0.8533333333333333
77,4,4,59,30,0,0.8610454034281186,0.6252727272727273
89,22,2,66,41,1,0.734387824054004,0.5446060606060606
97,39,3,59,90,0,0.1845228647461894,0.9098181818181817
49,39,0,55,47,1,0.3456987819479946,0.944060606060606
63,51,4,58,17,0,0.028888435468139174,0.7607878787878788
49,35,3,51,5,0,0.180346749748725,0.7378787878787878
62,54,0,50,51,1,0.10303020411923657,0.8743636363636363
35,25,2,60,15,0,0.4787627850337258,0.8936363636363637
80,40,5,75,61,0,0.07453689697179446,0.942121212121212
50,35,2,49,45,0,0.23129736983139448,0.98
90,48,2,69,73,1,0.12752740067880683,0.8290303030303029
82,52,0,81,6,1,0.24545523845987277,0.3294545454545455
57,47,5,84,74,0,0.02693563761966997,0.98
64,53,1,70,77,1,0.0840923454643898,0.98
79,20,3,80,35,1,0.6867567266439016,0.6351515151515151
62,55,2,75,54,0,0.04875332562713934,0.979090909090909
48,6,3,97,25,1,0.8896332118839156,0.8413939393939395
37,21,0,91,51,1,0.8237552782997641,0.98
71,41,4,63,89,0,0.07391843899417794,0.98
70,35,0,47,4,1,0.5500815015304399,0.4003030303030303
85,8,3,93,50,1,0.9070385448666557,0.6647878787878788
43,38,1,45,57,0,0.22304654039804278,0.98
39,22,4,66,26,0,0.3468306084716181,0.98
83,44,0,58,16,1,0.3726184299883845,0.3792121212121212
83,55,0,81,13,1,0.18755135573301712,0.37848484848484854
87,12,5,46,10,0,0.6343675675183875,0.4297575757575758
36,31,3,89,73,0,0.24545523845987283,0.98
78,2,4,78,49,1,0.8995288043924039,0.7552121212121212
98,29,2,66,77,1,0.559220722002348,0.7413333333333334
85,47,4,45,40,0,0.04833762871990519,0.707030303030303
65,53,0,69,52,1,0.1413648447445571,0.8499393939393939
66,44,4,75,85,0,0.058140150504211056,0.98
61,16,0,79,35,1,0.9155990582652731,0.6871515151515152
38,21,3,66,46,0,0.4655546474317898,0.98
82,55,2,51,60,0,0.04931286606823806,0.8245454545454545
70,44,3,55,58,0,0.08651098108607495,0.9473939393939395
69,51,1,74,89,1,0.10938874743575591,0.98
96,14,0,57,75,1,0.9386011774744832,0.6361818181818183
83,21,4,50,53,0,0.46331603487141626,0.7735151515151516
98,46,2,65,51,1,0.17668069237599937,0.5783636363636364
40,18,0,57,71,1,0.8119910881877329,0.98
97,42,2,66,68,1,0.23667427713968686,0.7091515151515151
72,7,0,79,80,1,0.96,0.9000606060606061
61,4,5,54,90,0,0.6918963694359592,0.98
71,51,5,98,69,0,0.025506115412043312,0.98
37,17,2,52,15,0,0.6763394908082898,0.8576363636363636
96,11,1,99,44,1,0.9594179130939376,0.43533333333333335
76,15,3,65,5,1,0.7764331373333981,0.42787878787878786
37,1,3,59,17,0,0.8895349876604842,0.8807878787878788
95,42,4,83,18,1,0.14504559484641444,0.43036363636363645
64,49,1,53,63,0,0.11115472765462632,0.9752727272727273
42,1,2,79,34,1,0.9422963830615955,0.9195757575757576
76,33,1,73,75,1,0.508249251394023,0.9141818181818182
39,21,5,90,57,0,0.2967129409902682,0.98
71,37,2,69,87,1,0.2584577311027731,0.98
85,39,3,57,3,0,0.20751005855963564,0.37072727272727274
39,41,4,65,14,0,0.06380453592434901,0.9580606060606061
87,3,3,51,74,0,0.9088770389851438,0.8166060606060606
74,3,0,87,11,1,0.96,0.34933333333333333
56,52,5,52,26,0,0.02,0.9409696969696969
49,6,5,84,58,0,0.7041210772038412,0.98
35,28,1,66,39,0,0.5087491068802403,0.98
47,28,5,75,75,0,0.1480471980316895,0.98
53,21,5,67,11,0,0.3269527214281253,0.7953333333333334
92,3,3,79,7,1,0.9503107299573533,0.259030303030303
68,10,2,86,80,1,0.8895349876604842,0.98
48,28,2,77,56,0,0.4509086628778404,0.98
84,7,1,74,14,1,0.96,0.3200606060606061
64,41,1,82,24,1,0.3265127645626965,0.6638181818181818
90,48,0,70,17,1,0.3256337669975614,0.32478787878787874
84,37,1,96,90,1,0.47651728855732467,0.9558181818181818
96,46,5,50,29,0,0.04368844933045046,0.5516969696969698
81,34,1,97,33,1,0.6058736684317605,0.5479999999999999
42,39,1,58,90,0,0.20391544215103397,0.98
71,3,5,98,8,0,0.8677259462990194,0.5566060606060607
63,30,3,77,77,0,0.3195153387833982,0.98
88,14,0,92,71,1,0.952934234376813,0.6858787878787879
45,11,1,46,10,0,0.875555640699386,0.6877575757575759
65,50,4,50,28,0,0.02911371446910803,0.8221212121212121
89,46,1,52,81,1,0.18892659628081984,0.8556363636363636
75,7,4,69,38,0,0.8237552782997642,0.7118787878787879
37,55,3,46,67,0,0.02,0.98
89,30,0,87,12,1,0.8090733102129716,0.26090909090909087
59,35,0,94,70,1,0.5717512987679655,0.98
79,3,0,61,30,1,0.96,0.44327272727272726
78,49,4,60,23,0,0.04427711710037359,0.6522424242424242
77,52,4,78,12,0,0.04011743195804566,0.5849090909090909
62,43,0,92,71,1,0.3607754634824367,0.98
61,10,4,48,24,0,0.6957202221913452,0.7518181818181818
41,29,0,73,54,1,0.6252752039990873,0.98
71,23,1,56,53,1,0.7229215437983317,0.7775151515151516
54,22,4,72,35,0,0.40660936316730645,0.9291515151515152
61,31,5,67,27,0,0.14604047359525255,0.8565454545454547
46,40,1,66,2,1,0.27448203932309817,0.6751515151515152
84,40,1,48,61,1,0.30237789842100193,0.7421212121212121
95,14,0,94,45,1,0.96,0.41890909090909095
60,52,2,68,82,0,0.05416670048123607,0.98
62,25,3,94,19,1,0.5493389149882191,0.693939393939394
65,41,0,57,52,1,0.3506917347288659,0.8259393939393939
39,48,3,91,5,0,0.06574289923711599,0.8638787878787878
84,20,3,92,3,1,0.7539887164489482,0.3427272727272727
93,48,0,87,42,1,0.35525936300713196,0.48418181818181816
68,5,0,62,87,1,0.96,0.98
39,17,1,81,61,1,0.7993120169437997,0.98
57,39,1,65,18,1,0.3160466249834225,0.6843636363636364
45,42,1,98,80,1,0.2373976763883955,0.98
89,54,4,89,32,0,0.040155957695761496,0.6204242424242424
87,24,1,67,34,1,0.7834693781893547,0.47557575757575754
60,1,3,75,48,0,0.9229414304046154,0.8856363636363637
59,25,4,95,81,0,0.3626224430183002,0.98
90,43,3,47,56,0,0.11639711364505723,0.7302424242424241
40,7,2,56,33,0,0.8645960651297926,0.944
86,10,4,56,31,0,0.7793702045035287,0.5548484848484849
98,23,0,46,14,1,0.8687555305614768,0.17206060606060608
64,26,3,78,40,0,0.4645595317963001,0.8350303030303031
84,25,2,82,88,1,0.6456563062257954,0.9566666666666667
82,29,1,55,57,1,0.6075439590971417,0.7098181818181819
94,34,1,85,36,1,0.6179839823863904,0.44072727272727275
37,34,4,58,42,0,0.10574125857099782,0.98
81,23,5,93,18,0,0.43438067506701844,0.5723636363636364
60,55,0,79,26,1,0.1318156181131952,0.7069696969696969
91,27,1,71,53,1,0.7279011823597308,0.5855151515151515
91,38,1,72,37,1,0.46232156497496213,0.48630303030303024
53,37,2,55,3,0,0.2419533478549745,0.6467272727272726
73,22,2,59,35,1,0.6734872354373035,0.6591515151515152
67,36,4,63,48,0,0.13307956726840403,0.9256363636363636
71,40,0,75,27,1,0.4705341822387727,0.5745454545454546
89,27,3,71,46,1,0.5054997781774028,0.6324848484848485
78,26,0,79,55,1,0.8113796797434347,0.6886666666666668
84,33,4,88,26,1,0.28373693195512145,0.5829696969696969
79,23,3,47,47,0,0.5109982256768415,0.7320606060606061
51,42,5,90,29,0,0.05310083278726934,0.98
73,21,4,60,38,0,0.46829260592805116,0.7598787878787879
60,6,4,51,47,0,0.767277182426201,0.9280606060606061
62,28,2,61,64,0,0.45140389141686565,0.98
42,50,5,87,7,0,0.021020758274605957,0.933030303030303
47,16,2,93,74,1,0.7706526346832835,0.98
57,18,1,86,68,1,0.8276410036283912,0.98
54,14,1,47,59,0,0.8279261194475691,0.974969696969697
77,52,3,50,18,0,0.046220900728575626,0.5903636363636363
54,9,3,64,31,0,0.8115326747861805,0.8328484848484848
51,25,1,45,67,0,0.5651278723908404,0.98
63,25,3,55,85,0,0.382252125230751,0.98
72,32,1,59,89,1,0.4682926059280512,0.98
100,17,5,83,10,1,0.6463423586490408,0.3097575757575758
68,42,0,78,62,1,0.3798935676569099,0.8736969696969696
58,47,0,89,73,1,0.2473120189679692,0.98
56,24,1,46,68,0,0.6115898478206196,0.98
64,47,5,48,38,0,0.02333931525257867,0.9418787878787879
96,7,1,84,65,1,0.96,0.5864242424242425
59,19,5,92,36,0,0.4410257854815465,0.9207272727272728
51,49,2,80,13,0,0.09474736722060956,0.7664848484848484
73,35,2,83,76,1,0.35297219105409144,0.98
86,10,0,98,13,1,0.96,0.2584848484848485
97,50,4,56,59,0,0.04373024816898556,0.7369696969696969
53,49,5,85,35,0,0.024127021417669196,0.98
93,20,4,95,88,1,0.6149102741071583,0.9366666666666666
91,11,0,94,33,1,0.96,0.362
59,31,3,61,80,0,0.24712591722490937,0.98
57,33,2,46,27,0,0.30216699461286356,0.7805454545454547
52,25,1,88,11,1,0.7259160642839977,0.6533333333333334
55,40,4,52,36,0,0.07129267889980415,0.9627272727272727
93,36,3,49,46,0,0.24048908305088898,0.6104848484848484
55,44,5,77,90,0,0.03143176283559615,0.98
67,53,5,70,70,0,0.02,0.98
96,42,5,85,38,0,0.09137172467049641,0.6118787878787879
80,8,0,72,8,1,0.96,0.2766060606060606
43,1,3,55,34,0,0.8873546154592228,0.9495757575757576
39,54,2,94,49,0,0.048475819169649936,0.98
49,45,1,69,43,1,0.16686647246027694,0.9657575757575757
92,37,0,91,90,1,0.6108769665867652,0.8358181818181817
49,14,1,80,27,1,0.8794253903351154,0.7825454545454547
55,44,5,75,22,0,0.040002067136546984,0.9046666666666666
70,7,4,59,26,0,0.8029761144061538,0.670969696969697
67,35,4,47,11,0,0.14282769263958675,0.6433333333333333
39,21,5,48,12,0,0.241403538121065,0.9429090909090909
48,48,0,68,27,1,0.19466158359157787,0.8205454545454546
100,38,2,70,20,1,0.389360766050778,0.3075151515151515
62,18,4,65,31,0,0.53021314643553,0.8108484848484849
53,44,4,91,68,0,0.060882204253066716,0.98
89,39,4,99,26,1,0.1994077568486684,0.5449696969696969
65,14,0,49,73,1,0.8986214193446933,0.931030303030303
89,15,0,82,39,1,0.9493577742691945,0.4354545454545454
45,22,2,85,14,1,0.6623982466899448,0.7800606060606061
66,28,3,67,76,0,0.3550303460262776,0.98
88,16,1,66,22,1,0.9018543117002694,0.3586666666666666
85,38,4,65,47,0,0.14209469801373112,0.7420606060606061
79,29,1,67,1,1,0.6787427531086864,0.3155757575757575
65,12,2,87,54,1,0.8739120431707974,0.863090909090909
89,39,0,94,65,1,0.5790805251725788,0.6804242424242424
59,4,3,50,10,0,0.8823630078749228,0.6137575757575757
78,52,4,52,40,0,0.027706248686110654,0.787030303030303
71,44,5,89,6,0,0.06180346626358857,0.6234545454545455
54,5,1,52,58,1,0.9321377064230055,0.9493939393939395
48,45,3,81,86,0,0.0676727684139837,0.98
70,19,0,48,62,1,0.8506870654691562,0.8076969696969698
55,37,3,68,32,0,0.17293034989613867,0.8864242424242423
69,13,5,47,63,0,0.49250056244937984,0.98
81,18,0,84,86,1,0.910111736746041,0.8775151515151515
87,1,2,75,49,1,0.96,0.5832121212121212
85,37,0,66,31,1,0.5761528267712887,0.4588484848484849
68,33,3,83,14,1,0.33336604092669353,0.612060606060606
38,5,5,52,58,0,0.6130141761393354,0.98
46,16,2,79,87,0,0.7292853958178974,0.98
83,37,4,67,60,0,0.14829963408907285,0.8585454545454545
74,44,1,68,83,1,0.2151765388677803,0.98
88,32,5,47,9,0,0.16534282858797353,0.4521818181818182
67,10,1,91,11,1,0.9469494258823293,0.4733333333333333
64,34,3,49,7,0,0.22987803725600506,0.601030303030303
51,13,2,62,82,0,0.7736435029578812,0.98
39,25,3,69,40,0,0.37613168601042085,0.98
44,27,1,84,58,1,0.5991680866194571,0.98
80,13,3,90,12,1,0.8547062143029203,0.4369090909090909
73,45,1,50,3,1,0.2146703449871389,0.42272727272727273
51,40,4,56,27,0,0.07262828673367164,0.9345454545454546
58,7,1,65,74,1,0.9268310402535017,0.98
77,26,1,72,18,1,0.737884101191635,0.4583636363636363
60,7,0,52,75,1,0.9479452155512148,0.98
59,41,2,98,29,1,0.24545523845987272,0.7916969696969697
52,22,0,60,66,1,0.7783367615918964,0.98
77,21,2,90,42,1,0.7697677032250417,0.6701818181818181
93,14,5,87,29,0,0.6891181927915194,0.5176969696969697
52,5,3,94,29,1,0.9009656167252947,0.8296969696969697
54,8,3,94,27,1,0.8716917173705981,0.8005454545454546
66,30,1,82,31,1,0.6196351704071783,0.6748484848484848
47,40,5,62,46,0,0.04323117175676833,0.98
69,35,0,77,44,1,0.5880718031564981,0.7133333333333334
93,13,1,54,60,1,0.9120559082862928,0.5905454545454545
76,51,0,77,62,1,0.2024583294322767,0.8116969696969697
45,36,2,56,35,0,0.21942848365511786,0.9671515151515151
48,49,1,78,4,1,0.14088001759357574,0.6883030303030303
40,1,0,85,49,1,0.96,0.9732121212121212
98,4,5,70,90,0,0.8234647252208832,0.9098181818181819
57,4,3,87,83,1,0.8909031788043871,0.98
54,43,4,64,39,0,0.057758014903425206,0.98
91,21,3,74,84,1,0.6440531885592731,0.8883636363636364
55,15,4,58,84,0,0.5142461430656132,0.98
50,33,4,64,33,0,0.15084358048132776,0.976
51,39,2,48,1,0,0.18831442546728758,0.6555757575757575
61,25,5,96,51,0,0.29255649115415105,0.98
39,21,0,65,6,1,0.8124486442669828,0.6974545454545454
77,22,5,82,69,0,0.3684202383980085,0.98
62,18,2,87,9,1,0.8039236219752589,0.5641818181818182
99,21,0,76,16,1,0.9203417896394356,0.17321212121212123
85,27,5,75,83,0,0.24936534224156584,0.98
60,18,4,89,52,0,0.5673383870169968,0.98
81,30,3,54,38,0,0.3582425862347543,0.657878787878788
88,36,1,50,12,1,0.47053418223877286,0.3229090909090909
47,39,3,89,77,0,0.13540393487020733,0.98
45,1,4,93,45,0,0.8795313864818219,0.98
44,36,2,47,63,0,0.18317244051905116,0.98
37,18,0,74,5,1,0.8663425267277409,0.7038787878787879
56,38,0,96,8,1,0.5458706565541939,0.5766060606060605
87,53,4,69,63,0,0.0311287471248904,0.8732727272727273
85,22,3,80,33,1,0.6599339745054769,0.5640000000000001
59,7,1,65,70,1,0.9289056959157127,0.98
67,38,2,75,30,1,0.28292471450702755,0.7132727272727272
85,19,1,63,25,1,0.857905301986269,0.4173939393939394
95,19,2,67,41,1,0.8096904411909297,0.47860606060606065
53,34,4,88,10,0,0.19201034568831749,0.7737575757575759
78,34,1,90,68,1,0.5419014940139564,0.8431515151515152
74,2,5,56,57,0,0.7986695994011425,0.8958181818181818
75,26,4,45,8,0,0.33358831106960857,0.5226060606060606
87,21,0,97,84,1,0.9025601437001195,0.8083636363636364
85,31,1,45,84,1,0.5109982256768414,0.8883636363636365
61,35,1,73,63,1,0.4099916247711199,0.9772727272727273
84,1,3,73,43,1,0.9448515924636273,0.6077575757575757
38,4,5,79,42,0,0.71727811976619,0.98
57,28,1,61,33,1,0.5827323189732045,0.7760000000000001
49,47,1,52,55,0,0.11274537966790081,0.98
51,13,4,67,63,0,0.5986876601124521,0.98
94,7,3,98,78,1,0.9217236546298927,0.784909090909091
63,22,2,74,25,1,0.685464551035185,0.6833939393939393
39,15,4,69,72,0,0.49650005716554624,0.98
67,5,2,47,65,0,0.904822911427971,0.9124242424242424
39,52,5,96,59,0,0.02,0.98
44,37,5,99,38,0,0.085254888669533,0.98
60,44,1,47,86,0,0.14842598536895305,0.98
64,50,4,82,44,0,0.03790610022043601,0.9533333333333334
50,35,3,87,36,0,0.22670692717774638,0.9627272727272727
77,20,4,50,18,0,0.5032499542299401,0.5663636363636364
67,1,2,65,38,1,0.9524836916759015,0.6998787878787879
43,6,2,85,19,1,0.9155990582652731,0.805939393939394
89,18,0,92,27,1,0.9404196281431083,0.35054545454545455
44,35,5,74,78,0,0.0699147243727952,0.98
58,37,3,61,68,0,0.149185960487467,0.98
46,7,2,82,52,1,0.89604197061498,0.98
97,15,3,63,86,0,0.7710059376234506,0.8315151515151515
53,50,5,85,39,0,0.021331669535584578,0.98
92,17,4,45,36,0,0.6084972849157563,0.5467272727272727
98,7,5,99,70,1,0.8332725032834908,0.7643030303030303
49,14,2,59,20,0,0.7865074067869517,0.7695151515151515
36,20,3,51,83,0,0.408299408429781,0.98
35,28,3,51,4,0,0.2788848219771369,0.8563030303030303
47,28,4,99,15,0,0.31734502108923135,0.8596363636363638
61,6,4,96,52,1,0.8433013720288971,0.955939393939394
45,7,3,71,90,0,0.7999528980616637,0.98
98,12,2,87,62,1,0.9167510167149655,0.5936969696969697
66,18,4,56,2,0,0.5493389149882192,0.5511515151515152
90,54,3,96,78,1,0.05808541482086954,0.9189090909090909
35,16,0,65,56,1,0.8527079803310521,0.98
43,20,0,77,35,1,0.8391611729610388,0.8751515151515152
65,40,5,65,24,0,0.0626202367766542,0.8118181818181817
45,19,1,50,19,0,0.7463046959790627,0.771939393939394
45,55,4,94,23,0,0.02077522584825869,0.98
36,27,0,87,1,1,0.7355565510232093,0.7015757575757576
52,20,0,73,45,1,0.8459261461253007,0.8609090909090908
85,43,0,99,34,1,0.4995000001666665,0.49357575757575756
87,44,1,48,55,1,0.23023229677495854,0.6746666666666666
68,37,5,68,68,0,0.07770109593544738,0.98
47,8,3,84,40,1,0.8387558517611218,0.969030303030303
64,17,0,63,42,1,0.8923525736048233,0.7121818181818182
75,32,4,72,65,0,0.2170399899343019,0.9664242424242424
44,21,5,54,65,0,0.2286411422175609,0.98
61,24,0,89,86,1,0.8037659436342208,0.98
89,16,3,59,47,0,0.7495098760671498,0.6180606060606061
62,16,5,47,16,0,0.4311894189608038,0.7332121212121212
66,27,1,54,48,1,0.6087354873907502,0.7976363636363637
88,46,2,92,22,1,0.21823188129949037,0.45866666666666667
79,21,3,72,45,1,0.633439288406471,0.7129090909090908
45,42,5,94,55,0,0.046044882340870764,0.98
75,54,5,73,19,0,0.02,0.701939393939394
95,8,4,45,37,0,0.8133611858632267,0.5063030303030304
48,51,1,89,2,1,0.13022169649273085,0.6771515151515152
93,17,2,71,29,1,0.8494124202541561,0.40369696969696967
73,6,1,51,86,1,0.9353540704092809,0.9735151515151516
79,46,2,51,46,0,0.12368365648527499,0.7304848484848484
56,1,5,49,48,0,0.7644079670991838,0.98
38,55,0,74,63,1,0.08181036472117592,0.98
36,12,0,82,80,1,0.9090425427226011,0.98
78,34,0,49,82,1,0.535191715435301,0.9092121212121211
99,14,1,76,1,1,0.9425134943001742,0.08557575757575758
74,48,3,93,85,1,0.08113684732883782,0.98
58,39,2,94,25,1,0.2796899653334707,0.7673939393939393
85,55,4,55,74,0,0.02011439711617985,0.98
97,44,3,59,9,0,0.1529044864878583,0.3061818181818182
49,41,5,81,32,0,0.0515635382178374,0.98
41,52,1,86,29,1,0.09491904691793245,0.9536969696969698
97,36,2,80,80,1,0.40011163113600173,0.788060606060606
37,12,0,77,33,1,0.9205614508160216,0.904
93,13,5,62,64,0,0.6203419784777653,0.7808484848484849
44,37,5,95,36,0,0.08248897107639515,0.98
42,21,1,56,16,0,0.709302729861882,0.7832121212121214
53,42,1,80,68,1,0.2320093296902234,0.98
55,35,5,95,86,0,0.09761588862981135,0.98
56,3,3,80,77,0,0.8949188373072693,0.98
37,51,5,47,23,0,0.02,0.98
91,54,1,55,75,1,0.09534946489910953,0.8061818181818182
89,17,0,58,62,1,0.9133308344891325,0.6136969696969697
79,16,3,96,45,1,0.7959221758490919,0.7029090909090908
95,22,5,62,63,0,0.3858003572231047,0.7712727272727273
96,45,0,57,53,1,0.3554884462937054,0.5315151515151515
100,2,4,77,82,1,0.915211867377233,0.7852121212121213
59,10,0,69,25,1,0.9499791443700949,0.6193939393939394
75,39,4,65,60,0,0.10812866676200353,0.9425454545454546
85,23,5,52,15,0,0.3445687004965139,0.5096363636363637
78,25,5,51,89,0,0.21840253609763446,0.98
87,52,3,61,29,0,0.057324175898868755,0.5736969696969697
79,44,3,76,6,0,0.14393309001985377,0.46345454545454545
60,7,0,46,71,1,0.9454219732967659,0.9518787878787879
72,13,3,84,4,1,0.8345191206462295,0.4563030303030303
48,15,5,59,15,0,0.44003993118786106,0.8636363636363638
97,37,2,83,18,1,0.4417654819218896,0.3203636363636364
94,24,1,81,32,1,0.8253466027747639,0.39042424242424245
75,38,5,71,52,0,0.08455562510122677,0.919939393939394
85,13,3,79,53,1,0.8266401526673127,0.6975151515151515
57,26,5,61,39,0,0.19940775684866852,0.9774545454545456
60,21,0,55,80,1,0.7981867777396212,0.98
68,11,0,45,8,1,0.9411992361601786,0.4026060606060606
52,12,4,75,17,0,0.6893323865748839,0.7927878787878788
36,23,4,74,19,0,0.33804915209342223,0.98
61,38,5,51,15,0,0.06513135231489595,0.7796363636363636
82,41,1,79,53,1,0.35365764135095945,0.7035151515151515
52,43,1,57,67,0,0.1720738805524309,0.98
80,11,1,69,37,1,0.9322009360964977,0.5423030303030303
74,32,4,70,46,0,0.22374049537054946,0.8324848484848486
62,5,1,97,69,1,0.96,0.9527272727272728
82,8,5,79,71,0,0.737884101191635,0.933878787878788
91,26,3,56,43,0,0.5022499848126231,0.5877575757575757
97,39,4,62,66,0,0.13740648376495226,0.768
84,13,1,89,79,1,0.9250481581227876,0.8244848484848486
41,10,4,51,42,0,0.6196351704071782,0.98
57,45,1,84,69,1,0.19356654939476045,0.98
69,33,1,67,62,1,0.4785132413734332,0.8856969696969699
40,45,0,94,45,1,0.26972859558681844,0.98
62,5,0,67,45,1,0.96,0.730909090909091
43,52,1,95,33,1,0.10508116269273074,0.9640000000000001
71,45,0,54,78,1,0.24917820689143458,0.9709090909090909
47,47,4,58,20,0,0.03465645645174377,0.9355151515151515
52,6,2,69,26,1,0.9101117367460411,0.768969696969697
55,36,0,95,27,1,0.5749313604905851,0.7265454545454545
99,30,5,93,17,1,0.3186462662109745,0.3987878787878788
64,11,2,67,32,1,0.8697783035072691,0.7044242424242424
71,51,3,92,64,1,0.06128366556562276,0.98
96,46,3,82,33,1,0.14307272348008082,0.502
35,46,4,98,14,0,0.050546156919954746,0.98
53,41,0,97,17,1,0.44620897705079826,0.6807878787878787
63,10,2,90,41,1,0.901232974643391,0.7806060606060606
94,42,1,77,43,1,0.37402214223339614,0.5097575757575757
82,26,3,65,35,0,0.50124999739584,0.6171515151515152
79,39,5,77,11,0,0.09957103217653143,0.5713333333333332
59,33,0,90,44,1,0.6385323983635313,0.8093333333333335
91,46,5,48,79,0,0.03283100179437237,0.98
47,29,2,65,41,0,0.4027547541256735,0.9786060606060606
61,17,5,77,50,0,0.44818666976682986,0.98
58,37,5,86,64,0,0.08241331812791279,0.98
35,37,1,58,9,0,0.28434701817110675,0.8321818181818182
41,17,1,60,52,0,0.7715351742930022,0.98
86,29,4,66,30,0,0.32871558961754394,0.5852727272727274
97,37,2,86,39,1,0.4292283881055081,0.4794545454545455
51,19,2,65,23,0,0.6980438257643188,0.7822424242424243
40,10,1,50,12,0,0.8830876550794178,0.750909090909091
44,18,1,98,15,1,0.8478710443129798,0.7496363636363638
38,46,5,65,57,0,0.02,0.98
87,9,2,80,44,1,0.9281758208076476,0.5613333333333334
38,22,0,66,9,1,0.7924899414403643,0.7321818181818183
80,28,5,84,17,0,0.28414356827121034,0.5847878787878789
87,44,0,86,66,1,0.4126551184346628,0.718
49,21,5,54,14,0,0.28150672672486093,0.8580606060606062
50,55,4,52,77,0,0.02,0.98
52,24,2,61,64,0,0.523732154126561,0.98
85,26,2,49,60,0,0.5631607911054751,0.7365454545454545
96,47,0,93,39,1,0.41023354501819703,0.42945454545454553
84,25,2,97,16,1,0.7413505652763386,0.41121212121212125
52,38,5,51,61,0,0.04819981225569171,0.98
82,20,5,61,41,0,0.4102335450181969,0.7306060606060607
81,38,5,97,43,0,0.12238888682304892,0.7917575757575755
62,33,4,77,64,0,0.17814004483619453,0.98
43,55,3,68,46,0,0.022291633567715068,0.98
55,22,4,53,5,0,0.38888535348799025,0.6918787878787879
88,12,1,66,28,1,0.9330179645847241,0.39612121212121215
69,8,5,63,57,0,0.6726070170677604,0.9578181818181819
42,28,3,73,39,0,0.32234847500456437,0.98
95,28,2,80,17,1,0.6675222982736768,0.31478787878787884
69,6,4,69,44,0,0.82317379596408,0.8153333333333334
58,1,3,56,32,0,0.9095374318431675,0.7844242424242425
37,22,2,70,31,0,0.57956794046107,0.98
72,2,5,77,22,0,0.8479999851839679,0.6506666666666667
71,53,2,68,75,0,0.05857978118792692,0.98
44,44,5,92,53,0,0.03626371637464836,0.98
90,5,1,83,23,1,0.96,0.3242424242424242
68,43,2,94,68,1,0.19654970052743365,0.98
40,42,1,60,20,0,0.19466158359157787,0.8755151515151515
47,40,1,71,24,1,0.27091207765069336,0.8318181818181819
53,48,0,54,31,1,0.18019897519805114,0.8008484848484848
84,39,3,96,87,1,0.22062979549647121,0.98
85,28,1,68,71,1,0.66351547123322,0.783878787878788
89,40,5,90,58,0,0.09912364563260716,0.8293939393939392
75,44,5,49,77,0,0.0327992634970502,0.98
95,33,1,84,78,1,0.6051570690631999,0.746909090909091
55,25,0,69,51,1,0.7558388990947971,0.8863636363636364
73,32,4,93,79,0,0.2426877526197988,0.98
76,20,4,72,33,0,0.5448788923735799,0.6900000000000001
59,23,2,52,35,0,0.5810292520929009,0.8011515151515152
65,28,4,88,59,0,0.3115248745008185,0.98
81,42,0,83,88,1,0.4148381576398546,0.9406666666666665
91,11,2,50,75,1,0.8749004184661847,0.7601818181818182
95,24,1,52,87,1,0.7367219790493098,0.7970909090909092
54,17,3,66,22,0,0.6543012180520053,0.7806666666666666
82,9,0,83,40,1,0.96,0.501030303030303
85,17,1,87,61,1,0.8945420862174349,0.6861212121212121
96,17,0,46,85,1,0.9034360636034191,0.717939393939394
76,55,4,63,64,0,0.02,0.98
48,22,2,96,83,1,0.6373775569816997,0.98
83,19,4,90,36,1,0.6412974738474876,0.6407272727272728
46,22,0,47,57,1,0.742499397629661,0.98
59,13,4,84,14,0,0.7115656131803022,0.7020606060606062
67,51,3,90,23,0,0.06617415379670355,0.7262424242424241
82,52,2,47,55,0,0.06580434668642356,0.7806666666666666
46,22,2,66,22,0,0.6101636109428106,0.8306666666666667
81,8,5,66,19,0,0.7474390202201999,0.549939393939394
44,2,3,87,10,1,0.9181144864296713,0.7597575757575759
60,54,5,87,34,0,0.02,0.9655757575757576
43,46,1,76,26,1,0.15935969357824886,0.8989696969696971
36,47,3,73,50,0,0.04893916657526042,0.98
56,33,4,51,53,0,0.134586536384772,0.98
98,36,4,82,87,1,0.20489117623021427,0.9110909090909091
72,43,2,71,56,1,0.174653397225236,0.8702424242424243
82,24,1,99,14,1,0.8379427346740574,0.3740606060606061
50,46,1,49,38,0,0.12976931020143265,0.9198787878787879
48,11,5,82,7,0,0.618691970601293,0.795030303030303
94,25,1,73,49,1,0.7836389752112882,0.5212121212121212
83,6,3,75,49,1,0.9067007167889248,0.6732121212121213
67,43,4,99,77,0,0.0859593920517922,0.98
53,6,5,91,85,0,0.7101268083047295,0.98
91,28,2,66,85,1,0.5525551605031378,0.8699393939393939
65,20,1,68,5,1,0.82097982110919,0.46787878787878784
38,55,0,63,4,1,0.09087480689356646,0.7603030303030303
91,23,5,45,58,0,0.3095978621096425,0.7753939393939393
62,8,2,61,86,0,0.8718035210720095,0.98
64,51,0,59,3,1,0.18049461880283013,0.4847272727272727
60,31,0,74,73,1,0.6252752039990871,0.98
54,30,3,77,50,0,0.313673677824596,0.98
74,35,2,98,51,1,0.4192142018740093,0.7963636363636364
55,55,0,97,11,1,0.15420423406717879,0.6433333333333333
68,2,5,83,44,0,0.8371263134531133,0.8573333333333333
40,40,1,78,60,1,0.23830406469663537,0.98
90,26,2,61,64,1,0.6094497836283252,0.7168484848484848
49,9,4,60,33,0,0.7011960820325176,0.9380000000000001
74,50,2,72,63,1,0.09029814470291989,0.9172727272727272
52,31,0,99,59,1,0.6732672951196539,0.98
47,51,4,86,66,0,0.025506115412043312,0.98
46,9,2,67,24,0,0.8677259462990194,0.8198181818181819
81,38,4,76,84,0,0.1318156181131952,0.98
39,3,1,57,7,1,0.9465460962040457,0.709030303030303
87,55,3,50,3,0,0.041209649431626715,0.3827272727272727
65,52,5,75,17,0,0.02007501531054053,0.7827878787878787
64,49,1,61,7,1,0.1459158050795831,0.551030303030303
49,19,0,63,25,1,0.8504328500895786,0.7373939393939395
58,39,2,91,47,1,0.2559740197378608,0.934060606060606
83,11,2,51,15,1,0.8885485283429004,0.3856363636363637
93,47,3,78,28,1,0.12249633723576989,0.4961212121212121
95,6,5,84,18,0,0.8477420137011901,0.3983636363636364
75,41,5,69,79,0,0.05509632364963046,0.98
53,36,4,83,49,0,0.13377330885121558,0.98
40,17,5,50,56,0,0.3006930071413841,0.98
72,26,4,98,40,1,0.42996351776994446,0.7950303030303031
71,27,5,95,51,0,0.27607804342710845,0.9303636363636365
68,1,5,52,75,0,0.7827900283491313,0.98
69,3,1,77,89,1,0.96,0.98
39,40,0,95,45,1,0.3893607660507779,0.98
60,38,0,51,43,1,0.4034765942573213,0.8017575757575758
43,15,3,88,49,0,0.6957202221913452,0.98
91,25,2,70,47,1,0.6763394908082898,0.576060606060606
93,43,4,58,64,0,0.08525488866953299,0.8008484848484848
89,38,5,99,20,0,0.14982172188148307,0.5375151515151515
66,27,4,71,77,0,0.28353374562835215,0.98
87,48,2,56,6,0,0.13669687404118358,0.35145454545454546
88,30,4,79,53,0,0.32234847500456454,0.7415151515151515
57,1,4,77,88,0,0.86056612703835,0.98
39,26,0,62,4,1,0.7090964943461395,0.6923030303030303
90,14,0,85,80,1,0.9490685297470565,0.7340606060606061
74,38,0,50,42,1,0.4531379431409355,0.6541818181818181
64,6,3,78,77,1,0.8710191478537642,0.98
92,55,4,91,3,1,0.04306602476277881,0.3727272727272727
97,34,4,86,79,0,0.2544533858735973,0.8564848484848486
92,44,3,54,55,0,0.11650000193030662,0.7046666666666667
35,26,5,88,62,0,0.18019897519805125,0.98
35,4,1,71,6,1,0.945935673539225,0.7434545454545455
67,24,1,50,36,1,0.6880460096327502,0.6907272727272727
69,28,0,69,49,1,0.7345828406761663,0.7372121212121213
50,24,0,60,20,1,0.7667410642285427,0.6995151515151515
59,13,3,94,14,1,0.8165281292501537,0.6620606060606061
72,12,4,65,60,0,0.6931739493259501,0.9185454545454547
85,6,0,75,77,1,0.96,0.7453333333333334
84,28,4,80,18,0,0.39364885129990906,0.5123636363636365
39,11,4,68,9,0,0.6608310838914484,0.8601818181818183
60,35,0,52,24,1,0.5064996338580845,0.6518181818181819
52,14,2,98,60,1,0.8345191206462295,0.98
54,24,3,59,45,0,0.4253130430937561,0.9689090909090908
88,53,4,64,64,0,0.029828747360225775,0.8708484848484849
63,29,4,64,85,0,0.21399676670080242,0.98
65,41,0,84,25,1,0.4474448394968623,0.6213939393939393
99,38,0,49,61,1,0.52497918747894,0.5481212121212121
64,47,2,57,54,0,0.09457596559241487,0.943090909090909
84,4,1,94,78,1,0.96,0.798909090909091
98,39,0,86,30,1,0.623868313989579,0.32527272727272727
99,14,2,76,11,1,0.9069541909153827,0.20133333333333334
56,18,4,86,24,0,0.5719961329315185,0.8178181818181819
61,50,3,63,1,0,0.05540952308413125,0.6175757575757576
37,22,3,90,24,0,0.5222353247699734,0.9758181818181818
84,29,3,89,77,1,0.4504135315749605,0.9213333333333334
60,25,1,71,2,1,0.7197052449305028,0.5051515151515151
35,6,3,84,17,0,0.8558203017330415,0.9107878787878788
45,17,5,57,61,0,0.3291570640072667,0.98
46,9,0,60,22,1,0.9411438685026128,0.7246666666666667
40,24,4,79,7,0,0.3500089199648754,0.861030303030303
39,1,2,47,48,0,0.9121360851706988,0.98
72,43,2,95,18,1,0.2428715903155179,0.5823636363636364
50,30,0,86,61,1,0.6574610164692165,0.98
97,5,5,62,8,0,0.8395656701846745,0.30060606060606065
72,55,2,59,4,0,0.05748650569982582,0.5003030303030304
73,16,2,46,73,0,0.748193368318875,0.935030303030303
69,20,5,64,56,0,0.3577829070425622,0.9742424242424244
77,27,5,55,48,0,0.21382861265687306,0.8476363636363637
86,30,0,93,54,1,0.7853296550128609,0.6090909090909091
56,38,1,96,43,1,0.3926945008247726,0.8817575757575756
75,30,1,56,51,1,0.5638986828779727,0.7363636363636363
72,36,5,45,53,0,0.07606875895894637,0.9535151515151515
80,18,0,57,11,1,0.9091251931064335,0.31933333333333325
84,40,0,47,73,1,0.39771382311136927,0.793030303030303
85,47,5,84,60,0,0.04265578926403539,0.8985454545454544
73,6,4,50,57,0,0.7919961596295932,0.8738181818181819
39,7,2,56,90,0,0.8335501769860235,0.98
87,10,1,94,47,1,0.9556805469556944,0.5460606060606061
98,19,0,85,81,1,0.923508473145027,0.6716363636363637
71,17,2,66,29,1,0.7933109871625582,0.6236969696969697
64,43,3,52,8,0,0.10247703344409732,0.6266060606060605
48,16,3,83,47,0,0.6780882495516276,0.98
65,49,2,61,77,0,0.07502120541755365,0.98
73,42,0,83,89,1,0.3850897258928415,0.98
86,52,1,90,60,1,0.15976199694366913,0.7385454545454545
67,55,1,68,52,1,0.07691644876743615,0.8739393939393939
46,4,5,52,79,0,0.6470278089459086,0.98
45,38,0,85,43,1,0.4397935411918065,0.9517575757575757
70,48,4,92,77,0,0.04992590357518059,0.98
75,2,4,70,80,0,0.8738018121793163,0.98
93,10,2,67,74,1,0.9068697682797762,0.7306060606060605
88,17,1,74,5,1,0.9058513241114439,0.23187878787878788
73,12,0,93,23,1,0.96,0.4682424242424243
43,45,2,61,6,0,0.1073595870406337,0.7854545454545454
89,8,4,62,42,0,0.8247692538382502,0.6041818181818182
70,51,1,45,72,0,0.08842654261750577,0.98
90,20,4,46,83,0,0.4760184150288955,0.9287878787878788
83,33,1,77,85,1,0.5354404682037,0.9199393939393941
55,23,1,98,6,1,0.7972185404775481,0.5814545454545454
61,20,5,59,5,0,0.36447348673568963,0.667878787878788
62,48,3,59,49,0,0.05535720703987026,0.9672121212121212
52,20,3,60,3,0,0.5715064294675559,0.6627272727272727
85,54,3,62,73,0,0.0386051318662305,0.931030303030303
59,35,3,93,1,1,0.29193597621301387,0.6075757575757577
81,20,3,96,47,1,0.7197052449305028,0.706060606060606
70,48,4,64,52,0,0.04093395605601939,0.949939393939394
61,16,1,70,39,1,0.8568046298349165,0.7574545454545456
80,19,4,50,13,0,0.5468620568590647,0.4964848484848485
46,49,0,56,73,0,0.13284899775450412,0.98
71,11,1,79,51,1,0.9268988265776218,0.7383636363636364
44,49,1,47,68,0,0.07834852496305965,0.98
42,1,0,74,60,1,0.96,0.98
89,1,4,74,48,1,0.9188631526711621,0.6356363636363637
88,8,2,48,2,1,0.9241418199787566,0.23115151515151516
79,34,4,71,41,0,0.2045655469666289,0.7486060606060605
95,47,1,64,79,1,0.20800384037040662,0.7824848484848486
75,47,5,52,20,0,0.03067951877834551,0.6955151515151515
41,35,0,78,23,1,0.5077493794138049,0.8342424242424245
60,36,3,92,81,0,0.21215236419839484,0.98
51,55,5,60,50,0,0.02,0.98
82,53,5,75,56,0,0.02,0.9102424242424242
46,4,3,99,32,1,0.9064466233786885,0.9104242424242425
74,31,5,92,25,0,0.2161915239481404,0.7113939393939395
91,21,2,88,31,1,0.8082997479427314,0.44684848484848483
47,8,2,65,88,0,0.8491564195186723,0.98
95,44,0,72,37,1,0.43266161298300315,0.4183030303030303
81,30,4,47,51,0,0.23290142820521542,0.7963636363636364
37,37,4,95,1,0,0.13078906434359822,0.8715757575757576
70,29,0,45,78,1,0.6325100178154341,0.948909090909091
56,4,3,46,39,0,0.8593618742658659,0.8634545454545454
81,48,3,47,68,0,0.05952436597650152,0.921151515151515
47,23,1,57,24,0,0.6739268871011302,0.797818181818182
67,13,3,94,58,1,0.8079896543116825,0.9153939393939393
65,36,5,95,33,0,0.12217422931431246,0.872
67,17,4,74,29,0,0.6018070039467833,0.7436969696969697
95,38,5,72,15,0,0.12752740067880686,0.4396363636363637
97,29,3,63,64,0,0.44077927799765193,0.6928484848484849
39,25,5,54,31,0,0.1686815943978195,0.98
86,6,5,80,11,0,0.8272126287719443,0.43533333333333335
46,11,4,76,63,0,0.6556571054984843,0.98
45,48,2,72,63,0,0.07412406519066314,0.98
67,54,3,85,89,0,0.03570866800473288,0.98
99,31,2,59,80,1,0.48600365751967267,0.7580606060606061
69,26,1,78,18,1,0.7273065931296698,0.5383636363636364
73,10,3,90,5,1,0.8833970308388606,0.44787878787878793
84,40,3,47,79,0,0.1325037778322899,0.9584848484848485
66,36,5,67,88,0,0.07691644876743618,0.98
63,30,0,47,56,1,0.607782367734727,0.8542424242424242
80,15,3,52,56,0,0.7227211931672451,0.7742424242424243
44,5,3,67,10,0,0.86611077069459,0.7657575757575759
93,54,3,69,50,0,0.050883154498463826,0.6767878787878787
58,14,0,45,2,1,0.9102752193260635,0.4631515151515152
73,36,4,49,70,0,0.11650000193030655,0.98
99,4,0,49,80,1,0.96,0.6240606060606061
85,38,3,95,2,1,0.30831684724517733,0.36115151515151517
84,11,4,80,22,1,0.8056517618540996,0.5086666666666667
88,39,1,62,89,1,0.34887226139659494,0.9122424242424242
42,12,2,69,10,0,0.8276410036283912,0.7597575757575759
64,28,1,70,72,1,0.594355387907298,0.98
88,23,4,49,60,0,0.4179973276658278,0.7805454545454545
52,29,1,58,59,0,0.5029999640005185,0.98
55,18,4,93,64,0,0.5478530855616275,0.98
92,19,1,54,26,1,0.8581489350995123,0.3549696969696969
86,20,5,65,81,0,0.3967560660975217,0.98
51,36,5,70,44,0,0.07578810603184734,0.98
35,45,3,93,46,0,0.07405546472351765,0.98
66,21,0,97,68,1,0.878147149230382,0.8971515151515151
92,2,5,78,29,0,0.8810069052755034,0.5036969696969696
71,11,4,83,5,1,0.7905096189012213,0.5098787878787879
45,6,3,79,29,0,0.8615232974917604,0.9016969696969698
66,35,5,73,58,0,0.10074265097009617,0.98
65,45,5,68,19,0,0.03905298343693934,0.7839393939393938
74,12,2,64,70,1,0.8524566089322243,0.8943030303030303
78,30,5,81,58,0,0.2024583294322768,0.9193939393939394
51,27,3,57,61,0,0.3182122021474582,0.98
68,25,0,58,85,1,0.7442163851035013,0.98
67,49,3,79,22,0,0.07283060623492708,0.7146666666666666
45,15,1,59,8,1,0.8405062966021318,0.6806060606060607
67,35,4,70,31,0,0.16534282858797344,0.7948484848484849
44,30,2,93,35,1,0.44596188383693597,0.9651515151515151
47,49,4,53,2,0,0.028470587690097266,0.8031515151515152
53,13,1,56,32,1,0.8668050209982463,0.7784242424242425
99,52,5,98,90,0,0.031768376309949296,0.98
38,48,1,66,8,0,0.11962353647793535,0.8166060606060607
91,25,1,71,84,1,0.7464939833376621,0.8163636363636364
49,46,5,85,54,0,0.02914199388924143,0.98
97,36,4,99,85,1,0.23577216894214384,0.9059393939393939
43,18,0,63,89,1,0.8178725796583133,0.98
75,47,2,72,53,1,0.1273050380753717,0.8255151515151514
65,2,1,65,25,1,0.96,0.5833939393939394
49,8,5,92,72,0,0.6635154712332201,0.98
58,49,4,95,66,0,0.04073811414938171,0.98
61,44,4,48,51,0,0.04648612923820225,0.98
73,17,1,56,82,1,0.8224448260749245,0.9652121212121213
83,55,4,79,82,0,0.024506622119101755,0.98
53,37,1,58,25,0,0.328053945149645,0.7733939393939394
60,14,3,53,13,0,0.7213162416259413,0.6464848484848486
37,48,5,93,83,0,0.02,0.98
52,55,4,95,3,0,0.025160439604019664,0.7727272727272727
56,44,4,60,68,0,0.04600097752419466,0.98
88,35,0,78,66,1,0.6373775569816997,0.69
84,48,2,63,59,0,0.11680914061695136,0.7829696969696969
85,45,3,53,44,0,0.09903438327470518,0.6933333333333332
51,27,0,93,18,1,0.7766066740682168,0.6803636363636364
49,42,3,45,50,0,0.07378164660246526,0.98
61,47,1,62,25,1,0.16070390311240637,0.7133939393939394
63,2,5,47,78,0,0.7369158958334202,0.98
84,26,5,99,10,0,0.38912303341323495,0.4877575757575758
92,52,3,74,34,0,0.06900981461040234,0.5615757575757575
61,15,4,90,81,0,0.6250408685389297,0.98
49,34,5,67,58,0,0.08317269649392235,0.98
93,27,0,91,73,1,0.836716862103397,0.677030303030303
70,33,1,76,13,1,0.5557670142926276,0.5044848484848485
95,19,4,57,8,0,0.6248064744684292,0.3086060606060606
60,36,1,45,45,0,0.3262929005454786,0.852909090909091
55,43,2,56,48,0,0.1255380371629388,0.9796363636363635
38,41,5,99,74,0,0.045347168896364094,0.98
83,46,4,86,20,0,0.08556735259496663,0.5735151515151515
67,14,2,93,51,1,0.8610454034281185,0.8243636363636363
51,8,1,90,69,1,0.93207442207804,0.98
64,30,2,79,42,1,0.47527019476983695,0.8181818181818181
44,10,0,57,52,1,0.9226564665066235,0.973939393939394
99,35,5,67,85,0,0.13377330885121547,0.9239393939393941
63,22,0,56,86,1,0.7853296550128609,0.98
54,40,0,94,86,1,0.401312339887548,0.98
74,26,1,58,66,1,0.6556571054984843,0.8520000000000001
87,31,2,89,54,1,0.5493389149882191,0.681090909090909
96,53,5,52,10,0,0.022798458340104376,0.4217575757575758
79,35,4,66,32,0,0.1843724380377798,0.6824242424242424
44,52,5,68,34,0,0.02,0.98
62,14,4,85,70,0,0.6513548646660541,0.98
82,54,4,72,52,0,0.02803135065809348,0.841939393939394
89,12,1,90,22,1,0.9496454632985396,0.3406666666666666
66,41,4,79,83,0,0.08294421737712863,0.98
91,3,2,45,7,1,0.9544358843625107,0.22903030303030303
43,38,1,48,34,0,0.24545523845987288,0.9435757575757576
57,49,5,68,53,0,0.02,0.98
99,15,2,55,17,1,0.8712436707581818,0.2487878787878788
47,9,5,57,11,0,0.5982070439193993,0.8313333333333335
80,21,5,51,26,0,0.3651686665528023,0.638969696969697
48,4,4,98,21,1,0.8645960651297926,0.8470909090909091
43,1,5,59,23,0,0.7670985717947847,0.9462424242424243
45,24,1,82,29,1,0.6986757857522574,0.8576969696969698
94,46,2,55,14,1,0.17350320035626038,0.3380606060606062
99,23,1,52,45,1,0.7968950259979906,0.43690909090909086
41,16,4,96,31,0,0.5907338742589552,0.98
81,13,2,71,39,1,0.8754466418125836,0.5914545454545455
41,5,5,65,23,0,0.6874017305588493,0.9742424242424244
89,22,0,55,65,1,0.8532096601986177,0.6464242424242425
56,18,5,52,46,0,0.34253898353078355,0.98
38,25,1,47,51,0,0.5381755580687617,0.98
96,18,1,81,81,1,0.8856441342536883,0.7296363636363637
95,33,5,50,67,0,0.13907428599188562,0.8235757575757576
37,40,3,98,86,0,0.11395137583541441,0.98
60,1,2,60,5,1,0.9512002770012,0.5198787878787879
95,1,2,88,15,1,0.96,0.2456363636363637
58,16,1,62,74,1,0.819948704865942,0.98
75,13,2,80,52,1,0.8706817381746892,0.7499393939393939
92,5,1,79,89,1,0.96,0.8042424242424242
39,50,2,65,61,0,0.05195618265033075,0.98
67,5,3,56,76,0,0.8614039534506837,0.98
72,48,1,67,14,1,0.18257471762614302,0.5220606060606061
95,4,2,63,7,1,0.96,0.1910303030303031
65,35,0,61,48,1,0.5259765906525575,0.7836363636363637
90,22,5,57,49,0,0.36842023839800836,0.7152121212121212
72,31,4,89,19,0,0.3000625544073463,0.645939393939394
63,29,5,64,80,0,0.146665141097265,0.98
83,13,4,89,33,1,0.7759119513433006,0.6060000000000001
90,6,5,79,39,0,0.8180214893347024,0.6074545454545455
79,49,5,71,30,0,0.030948296824627228,0.7352727272727272
